puzzleId,type,puzzleMoveCount,woodpeckerMoveCount,puzzleMoves,woodpeckerMoves
advanced-0985,match,2,2,e6 dxe6,e6 dxe6
advanced-0986,mismatch,4,6,Bxf2+ Kh1 Kxf2 fxe5+,Bxf2+ Kh1 Kxf2 fxe5+ Kg1 Qxg5
advanced-0987,mismatch,1,6,Qg4,Qg4 g6 Ng5+ Ke8 fxg5 Qxd7+
advanced-0988,match,1,1,Rg8,Rg8
advanced-0989,match,4,4,Nxc7 Rxc7 Qxc7 Bxd6+,Nxc7 Rxc7 Qxc7 Bxd6+
advanced-0990,mismatch,5,15,Bxh7+ Kxh7 Qxh5+ Kg8 Bxg7,Bxh7+ Kxh7 Qxh5+ Kg8 Bxg7 Kxg7 f6 Bh6 Rf3 f5 Bh6 Qe8 Be5 Rf6 Rf3
advanced-0991,match,4,4,Re7 Ne6 Qxe7 Qxd5+,Re7 Ne6 Qxe7 Qxd5+
advanced-0992,mismatch,1,23,Bxh7+,Bxh7+ Kxh7 h6+ Kf8 Qh4 Ne1 Rb5 Ke8 Bg6 Bc1 Bxf7+ Kd7 Bxe6+ Ke8 Kc7 Rxg7+ Kb6 Qd8+ Bf7+ Bg6 Re7 hxg6 hxg6
advanced-0993,mismatch,4,35,Qxf7+ Bxf7+ Kh8 Qxf7,Qxf7+ Bxf7+ Kh8 Qxf7 Rxf7 b8=Q+ Kh7 Bxf7 Qxf7 Rd1 Qa2+ Ke3 Ke1 Qc2 Rd2 Qc1 Qxe5 Qe1+ Re2 Kf3 Qxd2 Qxc5 Qc1+ Kd4 Nb3+ Kc4 Qa3 Bxf7+ Kh8 Kxf7 Rf1+ Ke7 Rxf8 Kxf8 b8=Q+
advanced-0994,match,4,4,Rxe4 Qc3 fxe4 Bxe4+,Rxe4 Qc3 fxe4 Bxe4+
advanced-0995,mismatch,4,11,Bxg3 Re2 hxg3 Qxg3+,Bxg3 Re2 hxg3 Qxg3+ Kh1 Ng2 Bxg2 Rxg2 Re1+ Qxe1 Qxe1+
advanced-0996,mismatch,3,8,Bxc3 Bxc3 Nb4+,Bxc3 Bxc3 Nb4+ Nxc3 Qxc3 Kb1 Bxb4+ Kxb4
advanced-0997,mismatch,4,11,Bh3 Nxg2 Kxg2 Bh3+,Bh3 Nxg2 Kxg2 Bh3+ Kg3 Ne3 g3 gxh3 Qg5+ Kh1 Qg2#
advanced-0998,mismatch,2,13,Ngf4 gxf4,Ngf4 gxf4 Kg1 Nxd3 Nxd3 f5 exf5 Qxf5 Bc2 Rg1 Nxg3+ Qxg3 Qxf1+
advanced-0999,match,8,8,Bh6 Nxg7 Kxg7 Bh6+ Kh8 Ne8 gxh6 Qxh6,Bh6 Nxg7 Kxg7 Bh6+ Kh8 Ne8 gxh6 Qxh6
advanced-1000,mismatch,3,14,Nf6+ gxf6 exf6,Nf6+ gxf6 exf6 Bxf4+ Qxf4 Qxe1 Nxf4+ Nxg6 Qh6 Qe5+ Kh1 Qxf6 Qe4 Ne7+
advanced-1001,match,4,4,Nh3+ Kf1 gxh3 Bxf3,Nh3+ Kf1 gxh3 Bxf3
advanced-1002,mismatch,3,8,Nf4 exf4 Qc4,Nf4 exf4 Qc4 Qxc4 Rxd1+ Qf1 Kf2 bxc4
advanced-1003,mismatch,1,4,f4+,f4+ Kf2 Kd4 Rxa4
advanced-1004,match,4,4,Ndxf7+ Kg8 Rxf7 Ng6+,Ndxf7+ Kg8 Rxf7 Ng6+
advanced-1005,mismatch,1,14,e5,e5 e4 dxe5 Ne4 Bf5 Nxf6 Qxf6 Kg7 g4 Qxf6 Bxg4 g4 Kg7 Qxb7+
advanced-1006,mismatch,6,8,g5 Nxe6 Rxd8 Rxd8 Nxe6 Rd2,g5 Nxe6 Rxd8 Rxd8 Nxe6 Rd2 Qxd2 Qxe4#
advanced-1007,mismatch,4,19,Nxf7 Rxf7 Kxf7 Bxe6+,Nxf7 Rxf7 Kxf7 Bxe6+ Qxe6+ Kg6 Ke8 d5 Rxc3 Qb5+ Nd7 Rxc3+ Qxe6 Qf8 Ned5 Nxd5 Nxd5 Rxc1 Nxf6+
advanced-1008,mismatch,6,8,Nxb5 cxb5 Bc7 Qd7 Bf5 Nf6,Nxb5 cxb5 Bc7 Qd7 Bf5 Nf6 Ne6 Bxh7+
advanced-1009,match,9,9,b4 cxb4 axb4 Bxb4 Ncd5+ Nxd5 Nxd5+ exd5 Bxb4+,b4 cxb4 axb4 Bxb4 Ncd5+ Nxd5 Nxd5+ exd5 Bxb4+
advanced-1010,mismatch,2,11,Bxf7+ Kxf7,Bxf7+ Kxf7 Kh8+ Qf3+ Bf5 Nxf5 gxf5 Qxf5+ Kg8 Qxe4 Qxd2
advanced-1011,mismatch,2,13,Rf7 b6,Rf7 b6 Rxe5 Nxb6 Rc7+ b7 Rae8 Rc8+ Qxe5 Rf8+ Kg7 Rxf8 Qxe5+
advanced-1012,mismatch,1,4,Qf7,Qf7 Rxf3+ Qh5+ Qf1+
advanced-1013,match,6,6,Nxe6 Qxd1 fxe6 Qxd7 Nxd7 Bxe6+,Nxe6 Qxd1 fxe6 Qxd7 Nxd7 Bxe6+
advanced-1014,mismatch,3,9,Ng4+ fxg4 Bxd4,Ng4+ fxg4 Bxd4 Qd5 Rxd4 Qxd4 Qd5 Re2+ Qf6+
advanced-1015,mismatch,1,9,R1h6,R1h6 Rf6+ gxf6 Bh6+ d3 gxh6 Bxh6+ Ke8 Qxg8#
advanced-1016,match,6,6,Rxe7+ Kxe7 Re1+ Kd8 Be6 Nxe6,Rxe7+ Kxe7 Re1+ Kd8 Be6 Nxe6
advanced-1017,mismatch,2,34,Qxe7+ Be5,Qxe7+ Be5 Kxe7 Nf5+ Ke8 Ke6 Nxg7+ Ke7 Bd6+ Nxg7+ Kf8 Bd6+ Kxg7 Kg8 Rg1 Qc3+ Rd2 Qa1+ Rd1 Rg1+ Ng4 Kh6 Bf4+ Kh5 Be2+ Ng4 Rxg4 Kh4 Bg5+ Kxh3 Kf1 Rxg4+ Kf6 Rf4+
advanced-1018,mismatch,2,15,Be5 Qxe6,Be5 Qxe6 fxe6 Kxg6 Rf1 Nh7 Rhe8 Rxf6+ Bxh8 Rxh8 Rf8 Be5 Rxf8 Nxf8 e8=Q+
advanced-1019,mismatch,3,4,f3 Bxf3 Qxg4,f3 Bxf3 Qxg4 Nf6+
advanced-1020,mismatch,8,56,f5+ h5+ gxh6 f5+ Kxf5 Qf3+ Kg5 Qf6+,f5+ h5+ gxh6 f5+ Kxf5 Qf3+ Kg5 Qf6+ Qxf6 gxf6+ Kxf6 Rxb8 h7+ Kxh7 d6 Rf8+ Ke7 Rf1 d7 Re1+ gxf6 h5+ Kxh5 Qf3+ Kg5 Qxf6+ Qg2+ Kf5 Kh5 Kh7 Rxb8 fxg7 Re5+ Qxe5 Qg6# g6+ Kf4 Qh2+ Qxf6 gxf6+ Kxf6 Rxb8 Ke7 Rb7+ Ke8 Rh7 d6 Rxh4 d7 Re4+ Kd8 Kf7 Kc7 Rc4+ Kb6 Ke7
advanced-1021,mismatch,2,7,Ra8 Bxa2,Ra8 Bxa2 Rxa8 Bxd5+ Qxd5+ Kf8 Bxa8
advanced-1022,mismatch,2,16,Rxh7 Qxe5,Rxh7 Qxe5 Bg7 Bf6 Bxf6 Nxf6 exf6 Kxh7 Rh1+ Kg8 Qh4 exf6 Nxf6 Qxg6+ fxg6 Rxc7
advanced-1023,mismatch,1,20,Qf4,Qf4 h4 Qd3 Qf5 Qxf5 gxf5 Rxe8 Rxe8 Bxf7+ Kf8 Bxe8 Kxe8 Ne6 Be5 Re1 Nd7 Rxd7 Bxd7 Qxd7 Qh4
advanced-1024,mismatch,3,12,d5 Ke6 b5,d5 Ke6 b5+ cxd5 b5 dxc4 bxa6 c3 a7 c2 a8=Q c1=Q
advanced-1025,mismatch,1,32,Bxe7,Bxe7 Bxh7+ Bf4 Ncxd3 cxd3 f6 Nxe5 fxe5 Bxe5 Nxf3 Rxf3 Qxe7 Bxh7+ Kxh7 Rh3+ Nf5 Qg5 Rh3+ Kg6 Rg3+ Kg8 Kg6 Qh5+ Kf6 Rf1# Nf5 Qg5 Qh5 Qxh5 Ne7+ Kh7 Rxh5#
advanced-1026,mismatch,3,57,Rd5 Rc2 g6,Rd5 Rc2 g6 hxg7 Rxd2 Rh8+ Kxg7 Rh7+ Kxh7 Qh5+ Kg8 Qxg5+ Ng6 Qxa5 Rxf2 Rxd5 cxd5 Qxe5 gxh6 f6 Qxe6+ Rf7 h7+ Kh8 Qxf7+ Rxh6 Nh5 f6 Qxe6+ Rf7 Nh5 f6 cxd5 Qxd5 Ng6 hxg7 Kxg7 Nh5+ Kg8 Qf3 f5 Qe3+ hxg7 Kxg7 Nh5+ Kg6 Nf4+ gxf4 Qh5+ Kf6 Qh4+ Kf5 Qh5+ Ke4 Kf6 Qh4+ Qe2+
advanced-1027,mismatch,4,17,Nxf7 Bxg6 fxg6 Nfxe6+,Nxf7 Bxg6 fxg6 Nfxe6+ Kg8 Rxf8+ Qxf8 Nh7 Rxh7 Qxg6+ Rg7 Nxf8 Rxg6 Nxg6 Rxf7 Qxf7 Nh5+
advanced-1028,mismatch,1,21,Nxg7,Nxg7 Qg3 Qg5 Rg4 Qe3+ Rg4 g5 fxg6 Bxg4 gxf7+ Nxf7 Nf6+ Kg7 Nxg4 f6 g6 Ne4 Kxg7 f6+ Kh8 Qh4
advanced-1029,mismatch,1,10,Rd7+,Rd7+ Qxh7 Nxh7 Rd7+ Qxd7 cxd7 Bg7 Qxd7 Nxd7 Qxh7+
advanced-1030,mismatch,9,15,Nxf7 g4 Bg6 h4 Bxe5 dxe5 a4 Bc4 Nb6,Nxf7 g4 Bg6 h4 Bxe5 dxe5 a4 Bc4 Nb6 c2 Kxf7 g4 Qf6 Bg6 Qxe6+
advanced-1031,mismatch,5,4,g5 Nf5 a fxe5 Qf6+,g5 Nf5 fxe5 Qf6+
advanced-1032,mismatch,2,24,Qh6+ a,Qh6+ d8=Q Rxd8 Qxd8 Ne2+ Rxe2 Qd1+ Kh2 Bxg2 Kxg2 Qxe2 Qe7 Raa8 gxf3 Rxd7 Rxc3 Qxd4 h8 Kg8 Qxf8+ Bg5 Qxd4 Kxf8 d8=Q+
advanced-1033,mismatch,1,23,Nxe4,Nxe4 Nxe4 Bf5 Rf1+ Kc2 Bf5 Qg2 Rxc4 Rc8 Qd3 Ra1 Qh4 Qa5 Rxc4 Qe1 Qc2 Qh4 Rxc4 Rac8 Nf3 Rxc4 Nxh4 Bxe4
advanced-1034,mismatch,7,17,Rxd8+ Kxd8 Qb8+ Bxe6 Qc2+ Kf3 Qc6+,Rxd8+ Kxd8 Qb8+ Bxe6 Qc2+ Kf3 Qc6+ Qe4 Qxe4+ Kxe4 Nxf6+ Ke5 Ke7 Bh3 Qc8 Kd7 Qxg8+
advanced-1035,mismatch,3,14,e7 Qf4+ Kc8,e7 Qf4+ Kc8 Kb6 Rg8+ Rd8 Re5 Ra5 Qf4+ Kd7 Kb6 Qb4+ Ka6 Qxa5+
advanced-1036,mismatch,1,8,Nf3,Nf3 Bxe4 fxe3 Nf3 Rxf3 exd3 exf3 Bd2
advanced-1037,mismatch,1,16,Qh6,Qh6 Bxe6 Rh3 Rxf6 exf6 Bg7 Qxg6 Qh4 f5 Nf4 Nc7 Qxg7+ Kxg7 Rg5+ Kh6 Rh3#
advanced-1038,mismatch,7,21,f5 hxg5 a Bxf5 Bxf6 Rxe2 Qd8+,f5 hxg5 Bxf5 Bxf6 Rxe2 Qd8+ Bxe2+ Qf8 Qxf8+ Kxf8 Bxg7+ Bxe2 Rd8+ Re8 Bxg7+ Kxg7 Rxe8+ Kxg7 Bxe2+ gxf5 Bxh6+
advanced-1039,mismatch,2,36,Nc6 Qe5,Nc6 Qe5 Qd6 Qxd6 Nxd6 Rc7 Re8 Qxd4 Nd6 Nxd8 Ne7+ Kh8 Ng6+ Kg8 fxg6 Qxf8+ Rxf8 Rxf8+ Kh7 d8=Q+ Nxf8 Nxf5 Rxd8 Qxd8 Re8+ Rxd8 Rxd8 Nxd8 Nxf5 Nb7 Kh7 d8=Q Qxb7 g4 Nxf5 Nc6
advanced-1040,mismatch,1,19,Rxd3,Rxd3 a3 R3c4 Rxd3 Qxf2+ Kh2 Kh1 Ng3+ Kh2 Nf1+ Kh1 Nxe3 Qg3+ Kg1 Qf2+ Kh2 Qg3+ Kg1 Nf2
advanced-1041,mismatch,3,20,Nxe4 Bf3 Be5+,Nxe4 Bf3 Be5+ exf3 Nxf3 Kh1 Qh6 fxe4 Bxe4 Qe6 Be5+ Kh1 Qe6 Re3 Rg6 Rg4+ Qh6 Bg5 Qe6 Qh4
advanced-1042,mismatch,1,10,Qe4,Qe4 Bxf7+ Kxf7 Qc4+ Kg7 Kg7 Bxg5 Qxg6+ Kf8 Qxg5+
advanced-1043,mismatch,1,24,Nf6+,Nf6+ Bxd5 Rxd5 Rxd5 Nb4 Rc5 Rxd5 Rxd5 Bxd5 Nb4 Bc4 Nd3 Kh8 Bxf6 exf6 Qxf6 Qf8 Rxd5 Rxd5 Bxd5 Nb4 Bxb7 Rxc1 Rxc1+
advanced-1044,mismatch,1,16,Rxf7,Rxf7 Qxg6 Nxc3 Nxd6+ Bxd6 Rxd6 Ne2+ Kd1 Ra6 Rxf7 Qg8+ Rf8 Bf8 Nxe4 Bxe4 Nxd6+
advanced-1045,mismatch,1,36,Ne4,Ne4 Nxe6 Qxe6 Bc4 Qxc4 Rxc4 Re1# Nd7 Rf7 Bc4 Nxf6+ Nxf6 Bc4 Ng4 Qb2 Nxf6+ Bxe6 Ra1 Nxf6+ Kh8 Rf1 Nxf6 Bxe6 Ra1 Bxf7+ Kxf7 Qxh7+ Ke8 Ke6 Re3+ Kd5 Qf7+ Kd6 Qe7+ Kd5 Qe5#
advanced-1046,mismatch,1,29,Nxe4,Nxe4 Qxe3 Qxh4+ Kg2 Bxf4 Rxg7 Rxf4 Rg6 Rxe4 Rxg7 Qxg7 Rxg7 Kxg7 Qg1+ Qg3+ Kf7 Bxf6 Nf5 Kf7 Bxf6 Bh5+ Kxf6 Qg5+ Kf7 Bh5+ Kf8 Qf6+ Kg8 Bf7+
advanced-1047,mismatch,2,24,Nxe6 fxe6,Nxe6 fxe6 Qg4 Qc4 Qb6 Qxa4+ Qxa4+ Qxa4+ Qb5 Qg4 Qg4 Ke7 Qh4+ Ke8 Qg4+ Qg4 Qc6 Qe7 Qxa4+ Rf8 Qxe6+ Be7 Rxf8+ Kxf8
advanced-1048,match,3,3,Nxf7 Kxf7 Nxd6,Nxf7 Kxf7 Nxd6
advanced-1049,mismatch,1,6,a5,a5 dxe4 bxa5 Bb2 Qa4 Be2
advanced-1050,mismatch,1,12,d6,d6 Rxb8 Rxb8 Ba5 Rd8 Bxc7 Rxd5 Ra8 Rxb5 dxe7 Rxc5 exd8=Q+
advanced-1051,mismatch,1,4,Nxd6,Nxd6 e4 Qxd6 Qxf5+
advanced-1052,mismatch,1,6,Nxf5,Nxf5 Bxg4 fxg4 Nxh3 Kxf5 Rf2+
advanced-1053,mismatch,1,12,h4,h4 Qxh4 Rh1 Qg5 Rxh7+ Nxf6 Rd2+ Kf8 Kxh7 Nxf6+ Kg7 Ne4+
advanced-1054,match,6,6,Qf4 Rxc4 Qxf4 Ne2+ Kh1 Nxf4,Qf4 Rxc4 Qxf4 Ne2+ Kh1 Nxf4
advanced-1055,mismatch,3,12,Rxd8+ Bxc4 bxc4,Rxd8+ Bxc4 bxc4 Rxd1 Bxe6+ Bxd8 Qxd8 e5 Bxc4 Bxc4 bxc4 Qe5+
advanced-1056,mismatch,1,4,Nf5+,Nf5+ gxf5 Ke8 Ng7+
advanced-1057,mismatch,4,41,Rc8+ Rc1 Nc2 Rxc2,Rc8+ Rc1 Nc2 Rxc2 a1=Q Rc8+ Kd7 Rxh8 Qd4+ Kg3 Kg2 Qd2+ Kh3 Kg3 Qe1+ Qe3+ Qg1+ Kd7 Ke7 Rxh8 Rc7+ Ke8 Ra7+ Rxh8 a1=Q Rd8+ Kxd8 h8=Q+ Kd7 Kc7 Nxf7 Ne4 Qb2+ Kg3 Qb3+ Kh4 Nf3+ Kh5 Qc2 Qb2+ Kg3
advanced-1058,mismatch,5,4,Rxe7 Qg3 a Rxe7 Bxf6+,Rxe7 Qg3 Rxe7 Bxf6+
advanced-1059,mismatch,1,21,Be8,Be8 Kd8 Bxg6 Kxb6 Kxe8 Kxc5 Kd7 b4 axb4 cxb4 Nc6 a5 Kc7 a6 Na7 b5 Nc8 Nxg6 Kxb6 Kd7 Kxc5
advanced-1060,match,2,2,Nxh2 c5,Nxh2 c5
advanced-1061,mismatch,3,12,Re7 Qa8+ Qb8,Re7 Qa8+ Qb8 Re4 Rd1+ Qxe7 Qa8+ Kc7 Qa7+ Kd8 Kc8 Qxe7+
advanced-1062,mismatch,1,39,Nc4,Nc4 c1 h6 Rxg7 Kxg7 Nde4 c1 h6 Nde4 Nc4 Rxg7 Ba3 Qxa3 Nxd7 Nb5 Nf6 Qa1+ Nh5 Nxf6 dxc4 Rxg7 Kxg7 Bc1 Nxf6 Rh8 Qg3+ Kf8 Bxh6+ Rxh6 Qg8# Qxh6+ Kg8 exf6 Qf8 Qg5+ Kh8 Qh5+ Kg8 Bh6
advanced-1063,mismatch,3,9,Ne4 Ng4 Rg2,Ne4 Ng4 Rg2 fxe4 Rg2 f3 Rxf2 Kxf2 Qxh2+
advanced-1064,mismatch,2,4,Be7 Qc7,Be7 Qc7 Rxe7 Rd8+
advanced-1065,mismatch,4,40,Qh4 Nxc6 h6 Nf6,Qh4 Nxc6 h6 Nf6 Rg6 Nxc6 Rxh6+ Kg8 Be7 Rxg7 Kxg7 Nxe7 Rxe7 Nh5+ Kf7 Qf6+ Ke8 Qh8+ Kd7 Nf6+ Kd6 Qxc8+ Nxe7 Rxe7 Rxg7 Rxg7 Ng8 Qxg8 Qxe7+ Ne5 Bxf6 Nf7+ Kh7 Qh5 Nf6 h6 gxf6 Qxf6+ Bg7 Qxg7#
advanced-1066,mismatch,4,4,Re1 Bd6 Bf6 Re4,Re1 Bd6 Bf6 Re4+
advanced-1067,match,9,9,Rxd4 cxd4 Nxa4 Rxa4 Bxa4 b5 Rxb5 Ra7+ Kd6,Rxd4 cxd4 Nxa4 Rxa4 Bxa4 b5 Rxb5 Ra7+ Kd6
advanced-1068,mismatch,1,25,Nb7,Nb7 Nb3 Nxb3 Re4 Nc1+ Ke3 Nc2+ Kf2 Nd3+ Kg3 Bh7 f4 Kxf4 Rf3+ Ke4 Re5+ Kf4 Rxc5 Nd3 Rhe8+ Kd2 Nf2+ Rd4 Nxb7 Re4
advanced-1069,mismatch,3,7,Bxa4 Qxa4 Nc3,Bxa4 Qxa4 Nc3 bxc3 Qxc3+ Ke2 Qxa1
advanced-1070,mismatch,3,13,Bh6+ Qc8 Rdd7,Bh6+ Qc8 Rdd7+ g5 Qxg5 Nxg5 Qg6 Qg6 Qxg6 hxg6 Kb1 Qxh6 Qxe7
advanced-1071,match,12,12,Rxh6 Rg6 Qc5+ Kh2 Rc2+ Bg2 Rf2 Bxh6 Qc5+ Kh1 Rc1 Be6#,Rxh6 Rg6 Qc5+ Kh2 Rc2+ Bg2 Rf2 Bxh6 Qc5+ Kh1 Rc1 Be6#
advanced-1072,mismatch,4,27,c6 Qf6 Rf8 Qg7,c6 Qf6 Rf8 Qg7 dxc5 Re3 Rd3 Rxd3 Qxb6 Re1 Qf6 Rxe7+ Qxe7 Re3 Be4 Qxe7+ Kxe7 Rxe4+ Bxc6 Bc8 Qf6+ Nd5 Bxe6 Nxc7+ Kf7 Nxe6+ Rac1
advanced-1073,mismatch,2,8,f4 Ke7,f4 Ke7 Be2 Ke7 Rd7 g5 Kg7 Bxe6
advanced-1074,mismatch,3,10,e5 Bxf4 Qxf4,e5 Bxf4 Qxf4 Qf5 Qxe5 Bxf7+ Rxf7 Rd8+ Kh7 Qxf7+
advanced-1075,mismatch,7,20,Ng4 f6 Nxf6 Bc2+ Kg8 Qxh6 Re8,Ng4 f6 Nxf6 Bc2+ Kg8 Qxh6 Re8 f6 Bc2+ Bxf6 Qxh6+ Nxh6 Nxf6+ Kg7 Nxd7 Rd8 Re7 Kg7 Qd8 f6
advanced-1076,mismatch,5,51,Rg6+ fxg6 Qxg6+ Kf8 Qxh6+,Rg6+ fxg6 Qxg6+ Kf8 Qxh6+ Kf7 Qg6+ Kf8 Bxg5 Nxc5 Rxh6 Kxh6 Bxg5+ Kg7 h6+ Kf8 Kg8 Bxd8 Qxd8 Qg4+ Qh7 Ke8 Qg8+ Nf8 h7 Rd1+ Kh2 e4+ g3 Qxc5 Bh4 g3 bxc5 Rxh6 Kxh6 Bxg5+ Kg7 h6+ Kf8 Qh7 Ke8 Qg8+ Nf8 h7 Rd1+ Kh2+ Bxg5 hxg5 Qxg5+ Kf8 h6
advanced-1077,mismatch,6,6,Ng4 Qe6 fxg4 Qxe5+ Rxe5 Rxe5,Ng4 Qe6 fxg4 Qxe5+ Rxe5 Rxe5+
advanced-1078,mismatch,7,25,e3 Bg5 Bxg5 Rxg5 Rf4 Qxg3 Rf8+,e3 Bg5 Bxg5 Rxg5 Rf4 Qxg3 Rf8+ Re6 Rxh6 e2 Rxd6 e2 Bg5 Bxg5 Qf3+ Kh2 Qf2+ Qxf2 exf2 Rf6 Rf7 Rd8+ Kf7 Qc7+ Kg6
advanced-1079,mismatch,1,10,Qg4+,Qg4+ Kf1 Qh3+ Ke2 Rc2+ Bg5 Nd3 Qxd3 a7 Rc5
advanced-1080,mismatch,1,22,Nh7,Nh7 Nxf7 Bxd5 Ne6+ fxe6 Qh6+ Kf7 Qh7+ Ke8 Qxg6+ Kd8 Bxe6 Qe8 Bxd5 Kxh7 Qh6+ Kg8 Qxg6+ Kh8 Qxh5+ Kg8 Re3+
advanced-1081,mismatch,1,14,Bxf2+,Bxf2+ Qxf2 Rxf2 Qxa5 Qxa5 Nxe6 Bxg2 Bd3 Nxf8 Bxf1 Qxf1 Kxg2 Nxf8 Bxf1
advanced-1082,mismatch,4,7,Nc2 Qc2 Qxc2 Nxc2,Nc2 Qc2 Qxc2 Nxc2 Kb1 Nxc5 Rxb2#
advanced-1083,mismatch,6,11,Bxf7+ Kh7 Rxf7 Nxe5 Qf6 Qxf7+,Bxf7+ Kh7 Rxf7 Nxe5 Qf6 Qxf7+ Nxf7+ Qxf7 Nxf7 Kxf7 Rc7+
advanced-1084,mismatch,1,7,b5,b5 b4+ Ka4 Rxa2# Ra1 b4 R8c3#
advanced-1085,mismatch,3,20,Rxh6+ gxh6 Kg8,Rxh6+ gxh6 Kg8 Rh7 Rf7 Bxf6 Qc7 Qh5 Qxh6+ Kg8 Qg6+ Kh8 Bxf6+ Rxf6 Qxf6+ Kg8 Qg6+ Kf8 Kh8 f6+
advanced-1086,mismatch,1,17,Qf4,Qf4 e5 Qxe5 Qxe5+ dxe5 d6+ Ke6 Nc7+ Kxd6 Nxa8 Nd5 Ra1 Qe5 Rad8 Nxd6 Rxd6 e5+
advanced-1087,mismatch,7,13,Rh3 fxe6 fxe5 fxe5 Rxh6 Rf6 exd4,Rh3 fxe6 fxe5 fxe5 Rxh6 Rf6 exd4 Qh7+ Rd3 Qa5 a3+ Kf7 f6
advanced-1088,mismatch,2,8,Rh7 Qxb2+,Rh7 Qxb2+ Kxh7 Nxe7+ Kh6 Rh1+ Bh5 g4
advanced-1089,match,3,3,Rh8 f6 Re3+,Rh8 f6 Re3+
advanced-1090,match,6,6,Rh5 Qc2 Kf1 R7d6 Qg4 Rg5,Rh5 Qc2 Kf1 R7d6 Qg4 Rg5
advanced-1091,mismatch,1,30,Qxe4,Qxe4 Nxb8 Bxf2+ Rxf2 Qxc1+ Rxc5 Nxc5 Nxb8 Rxb8 Rxb5 Qc4 h4 Qd2 Qc4 a4 Bxf2+ Kxf2 Rb2+ Kg1 f5 Bxa3 Qxb5 Bxc1 Qc5 Bb2 Ne7+ Kh8 Ng6+ hxg6 Qxf8+
advanced-1092,mismatch,4,8,Bxf3 Nxf3 Ne4+ Ng4+,Bxf3 Nxf3 Ne4+ Ng4+ Ke1 Nxc3 bxc3 Qxc3+
advanced-1093,mismatch,8,17,e5 Rb2 Qa3 e5 Bh6 Nd5 Nh5 g4,e5 Rb2 Qa3 e5 Bh6 Nd5 Nh5 g4+ Rb2 Qa4 Qa3 Rb8 e8 Qxc1 Rxe8+ Bf8 Rxc1+
advanced-1094,mismatch,8,12,Rxd7 Rb4 Qxb4 Bxb4 Nxc7 Nd2 Kxd7 Rb4,Rxd7 Rb4 Qxb4 Bxb4 Nxc7 Nd2 Kxd7 Rb4 Qxb4 Qf5 g4+ Bxb4+
advanced-1095,mismatch,6,8,Rxc3 Bd3 a bxc3 Nd5 Rxd5,Rxc3 Bd3 bxc3 Nd5 Rxd5 Qh3 Nxc3+ exd5
advanced-1096,mismatch,5,25,f6 Qg4 f6 gxf6 Bxh7+,f6 Qg4 f6 gxf6 Bxh7+ Qg4+ Kh8 Bxh7 fxe5 Qh5 f6 Bg6+ Bf5+ Qh7 Kg8 Rh3 Bxh7+ Kxh7 Qh5+ Kg8 Qg4+ Rh3 Ne4 Kh7 Bg5
advanced-1097,mismatch,1,13,Re1,Re1 Nf6+ Bxf6 Bxf6 Rxd6 Rxd6 Qf7 Bxf5 Rxd6 exd5 Rxe8 Qxe8 Qg7#
advanced-1098,mismatch,1,21,g4,g4 b5 Rcd8 c6 Rxd5 Rxd5 Rxd5 c7 Kd7 Kxd5 e3 Ne3 Rxd4+ Kxd4 Rd8+ Kc4 Rd3 Rg7 Rf7 b5+ Ne3
advanced-1099,mismatch,6,36,Rc8 Qxe7 Nc4 Rxa3 bxa3 Qxa3,Rc8 Qxe7 Nc4 Rxa3 bxa3 Qxa3 Nc4 Qa7+ Qa7 g6 Bc5 Rxa3 Bxa3 bxa3 Rxc5 Nxa3+ Kc1 Rxc5+ Kd2 Rc2+ Ke3 Nxa3+ bxa3 Qxa3 Rd2 b2 Ra8 Rxb2 Qd3+ Ka1 Ra8+ Ra2 Qc3+ Kb1 Rb8+ hxg6
advanced-1100,mismatch,4,29,Qh5 Bxe5 Nxe5 Qxh7+,Qh5 Bxe5 Nxe5 Qxh7+ fxe5 h6 exd6+ Kf7 fxe5 Rh8 exd6 Rxh7 Qd7 Qxh8 Rxh8 Rxh8+ dxc7+ fxe5 Qxh7+ Kf7 fxe5 Rh8 dxe5 Qb6+ Kh1 Kf7 Qxc2 Kf7 Nc4
advanced-1101,match,4,4,gxf7+ Kh8 Rxf7 Qxa8+,gxf7+ Kh8 Rxf7 Qxa8+
advanced-1102,mismatch,6,13,c5 f3 Rxc7 fxe4 bxc5 b5,c5 f3 Rxc7 fxe4 bxc5 b5 a4 bxa4 b5+ b5 cxb5 Rxc7 b6+
advanced-1103,mismatch,4,13,Bxf4 Nh6+ gxh6 Bxf4,Bxf4 Nh6+ gxh6 Bxf4 exf4 Nh6+ Kh8 gxh6 Qg4+ Kh8 Bg7 Nh5 Qf5
advanced-1104,mismatch,6,16,b4 f5 a Rc8 bxc5 Qxc5,b4 f5 Rc8 bxc5 Qxc5 Rexd4 Qxc3 Rd8+ Rxd8 Rxd8+ Kg7 Qxb6+ Rfd7 bxc5 Qxc5 Qxf6+
advanced-1105,mismatch,2,27,Bd3 Qh5,Bd3 Qh5 Ne5 Bxe5 Qxe5 Ng5 Nf6+ gxf6 Qxb7 Bd6 Qc7 Qxg5 Qxb7+ Bg6 fxg6 Nxe6+ Qa5 Ng5 Nf6+ gxf6 Qxb7 e5 Qxa8 exf4 Nf6+ gxf6 Qxb7
advanced-1106,mismatch,3,8,Ng4 Re2 h3,Ng4 Re2 h3 Qc2 h4 Ne3 Bxe3 Rxe3
advanced-1107,mismatch,2,21,Nxf2 Rxf3,Nxf2 Rxf3 Qxf3 Nh4 Qb3 Qa3 Kxf2 Qh2+ Ke3 Qg2 Rxf3+ Kxf3 Qxh3+ Ke2 Qxh6 Nf5 Qxh3 Nf5+ Qe2 Nf5 Re8+
advanced-1108,mismatch,1,27,Ra1,Ra1 Rc1 Qb2 Nd1 Na4 Be4 Qe3 c3+ Nxc2 Nxb2 Nxe3 Kxe3 Bxh1 Nexc3 Qxc1+ Kxc1+ Qb2 Rhc1 Na4 Rhb1 Qxc2+ Nxc2 Bxc2 Ra2 Qb3 Nxa2 Rxc2+
advanced-1109,mismatch,3,17,Nxf6 Bxd5 Rxd5,Nxf6 Bxd5 Rxd5 Qxa1 Nxf6 Bxf6 Be4 Ng5 fxg5 Be5+ f6 Be4 Bxf6 d4 Qxa2 Bb1 Rxa2+
advanced-1110,mismatch,6,26,e3+ Bxe2 Kxe2 Qf3+ Kd3 Bxe2+,e3+ Bxe2 Kxe2 Qf3+ Kd3 Bxe2+ Qf5+ Kxe3 Qf3+ Kd2 Qxe2+ Kc3 Kxe2 Qf2+ Kd3 Qd2+ Ke4 e2 Ne7+ Kh8 Qe5+ Kh7 Qf5+ Kg7 Qe5+ Kf7
advanced-1111,mismatch,1,12,Rxg6+,Rxg6+ Bh3 Qf7 hxg6 Qxg6+ Kh8 Bh3 Bg5 Rf8 Qh7 Qe7 Bg5
advanced-1112,mismatch,4,10,Bxe6 fxe6 Bb4 O-O,Bxe6 fxe6 Bb4 Bxf7+ Kxf7 e6+ Nxe6 Qxe5 Qc6 Nd5
advanced-1113,match,6,6,Nxc4 e4 Nxc4 Rb1 Qd2 Bxc4,Nxc4 e4 Nxc4 Rb1 Qd2 Bxc4
advanced-1114,mismatch,1,16,Bxb2,Bxb2 Rxa5 Bxc3 Qxh6 Bxe1 Bxa5 Re5+ Rxe6 Bd2 fxe6 Qg6+ Qxd2 fxe6 Ra3 Qxf6 Bxa5
advanced-1115,mismatch,1,6,Rxe5,Rxe5 bxa5 Rad8 Qd8 Nxe5 Qxd5+
advanced-1116,mismatch,1,4,Nb5,Nb5 bxc5 cxb5 Bxa8+
advanced-1117,mismatch,1,6,Nc7,Nc7 exf4 Rxg3+ hxg3 Qxg3+ Ng2+
advanced-1118,mismatch,1,4,g6,g6 fxg6 Rxb2+ Ka1
advanced-1119,mismatch,1,9,g6,g6 Qh6 Qg4 Nxg2 Nxe3 Qxg4 hxg4 Nxg2 Nxg2
advanced-1120,match,4,4,Bxe5 Nxe5 Rxe5 Nxf3,Bxe5 Nxe5 Rxe5 Nxf3
advanced-1121,mismatch,4,16,d6 Qg7 Qxd6 Bd5+,d6 Qg7 Qxd6 Bd5+ Qg5+ Kh8 Rd2 Qe6 Kh8 Be6 Qg5+ Rxf8+ Qxf8 Qxe5+ Qg7 Qb8+
advanced-1122,mismatch,9,13,Qxe6+ Bxe6 Bxc6 Nb3 Rd8 Bxd2 Rxd6 Bxa4 Rxd4,Qxe6+ Bxe6 Bxc6 Nb3 Rd8 Bxd2 Rxd6 Bxa4 Rxd4 d5 Ne5 Nxa1 dxe6+
advanced-1123,mismatch,2,34,Bxf4+ Qa1+,Bxf4+ Qa1+ Kc2 Bb3+ Kd2 Qxb2+ Kd2 Qxb2+ Ke1 Bxf4 Bxd7 Rxd7 Qxf4+ Nxf4 Qxf4+ Kxc6 Ne5 Qa1+ Kd2 Qxb2+ Ke1 Ne5 dxe5 Rxd1+ Qxd1 Qxc3+ Kf1 Qxc6 dxe5 Qa1+ Kc2 Bb3+ Kxb3 Qa4#
advanced-1124,mismatch,1,9,Qg6,Qg6 Rg4 Qxe6+ Be4 Nf4 Rfe8 Rg4 Qc7 Be4
advanced-1125,match,8,8,Bb5 Qa6 Qd2 R2e3 Re1 Rxb3 axb3 Bd3+,Bb5 Qa6 Qd2 R2e3 Re1 Rxb3 axb3 Bd3+
advanced-1126,match,4,4,Nxe6 Rxe7 fxe6 Rxd7,Nxe6 Rxe7 fxe6 Rxd7
advanced-1127,mismatch,1,18,Bc2,Bc2 Bc2 Bg6 gxf4 Qxf4 Qe2 Qxd2 Qxd2 Bxd2 Nh3+ Bxh3 gxh3 Nxc2 Qxc2 Ne2+ Nh3+ Qxg4 Nh3+
advanced-1128,mismatch,1,12,Rbe1,Rbe1 Rbe1 Qh8+ Ke7 Rfe1+ Be6 Qh4 Rfe1 Be6 Rxe1 Be6 Re3
easy-0001,match,3,3,Rxh2+ Kxh2 Rh8#,Rxh2+ Kxh2 Rh8#
easy-0002,match,5,5,Rf8+ Bxf8 d6+ Be6 Bxe6#,Rf8+ Bxf8 d6+ Be6 Bxe6#
easy-0003,match,3,3,Bxf4 exf4 e5,Bxf4 exf4 e5
easy-0004,match,1,1,Rd2+,Rd2+
easy-0005,match,3,3,Bxf7+ Kxf7 Nxe5+,Bxf7+ Kxf7 Nxe5+
easy-0006,mismatch,3,3,Rxc6 bxc6 Ba5,Rxc6 bxc6 Ba5+
easy-0007,mismatch,1,3,f3,f3 Qxf3 Rxc4
easy-0008,mismatch,1,5,Qxc4,Qxc4 Qxc4 Ne3+ Ke2 Nxc4
easy-0009,mismatch,1,6,Rxd7,Rxd7 Kxd7 Rxb4+ Bxb4 Kxd7 Kb5+
easy-0010,mismatch,1,3,Qxf6+,Qxf6+ gxf6 Bf8#
easy-0011,mismatch,1,9,Be4,Be4 Rg1 Qxg2+ Qxe4 Rxe4 Qf8# Bf6+ Bxf6 Qxf6+
easy-0012,match,5,5,Qh6+ Kg8 Rf8+ Qxf8 Qxh7#,Qh6+ Kg8 Rf8+ Qxf8 Qxh7#
easy-0013,mismatch,1,3,Nc3,Nc3 Bxc3 Bxc1
easy-0014,mismatch,1,4,Rxd3,Rxd3 Bg2 Qxd3 Qe1+
easy-0015,match,1,1,Qxf1+,Qxf1+
easy-0016,mismatch,1,4,Nxg5,Nxg5 fxg5 Qe7+ Qh5+
easy-0017,mismatch,1,3,Nxa7+,Nxa7+ Nxa7 Bxa6+
easy-0018,mismatch,1,3,Bxf7+,Bxf7+ Kxf7 Nxe5+
easy-0019,match,4,4,Rxe3 Qxb4 Qxe3 Qc2#,Rxe3 Qxb4 Qxe3 Qc2#
easy-0020,mismatch,1,4,Nxg5,Nxg5 fxg5 h6 Qh5+
easy-0021,match,5,5,Nxg5 fxg5 Qh5+ Ke7 Qxg5+,Nxg5 fxg5 Qh5+ Ke7 Qxg5+
easy-0022,mismatch,1,10,Nxe5,Nxe5 d5 fxe5 Qh5+ g6 Ke7 Qxe5# Qxe5+ Qe7 Qxh8+
easy-0023,mismatch,3,3,Rxd5 Rxd5 Qxd5,Rxd5 Rxd5 Qxd5+
easy-0024,match,1,1,Na4,Na4
easy-0025,match,5,5,Rxe5 Qxe5 Qf3+ Kg1 Qxd1+,Rxe5 Qxe5 Qf3+ Kg1 Qxd1+
easy-0026,match,3,3,Rf6 Nxf6 Rxf6,Rf6 Nxf6 Rxf6
easy-0027,mismatch,1,6,Qxh5,Qxh5 f6 Qxh5 Nf6+ Kh8 Nxh5+
easy-0028,match,1,1,Rxg2+,Rxg2+
easy-0029,match,5,5,Qg7+ Rxg7 hxg7+ Kg8 Rh8#,Qg7+ Rxg7 hxg7+ Kg8 Rh8#
easy-0030,mismatch,1,3,Nf6+,Nf6+ gxf6 Rxe8+
easy-0031,mismatch,1,5,Rxh4+,Rxh4+ gxh4 g3+ Kg1 gxf2+
easy-0032,mismatch,1,3,Rxf2,Rxf2 Qxf2 Qxe6+
easy-0033,mismatch,4,10,Qxg5 Rxg8+ Rxg8 Qxg8+,Qxg5 Rxg8+ Rxg8 Qxg8+ hxg5 Rxg8+ Kxg8 Nf6+ Kf7 Nxd7+
easy-0034,mismatch,1,5,Qxd5,Qxd5 Qxd5 Re8+ Rf8 Rxf8#
easy-0035,mismatch,1,3,Bxe4,Bxe4 Bxe4 Rxc4
easy-0036,mismatch,5,5,Rxe6+ Kxe6 Bd5+ Kd6 Bxg8,Rxe6+ Kxe6 Bd5+ Kd6 Bxg8+
easy-0037,match,5,5,Bxg7+ Kxg7 Qg5+ Kh8 Qf6#,Bxg7+ Kxg7 Qg5+ Kh8 Qf6#
easy-0038,mismatch,3,7,Rxd3 Qh1+ Qxh1,Rxd3 Qh1+ Qxh1 cxd3 Qe5+ Kd2 Qxa1
easy-0039,mismatch,2,4,Bxh7+ Kh8,Bxh7+ Kh8 Kxh7 g6+
easy-0040,mismatch,3,7,Bh7+ Qxd7 Rxc2,Bh7+ Qxd7 Rxc2 Kxh7 Rxc8 Rxc8 Qxc8+
easy-0041,mismatch,1,9,Nxf7+,Nxf7+ Rxf7 g6 Rxf5+ Rxf5 Rg7 f6 Rg6 Bf4
easy-0042,mismatch,1,3,Nd6+,Nd6+ cxd6 Bg6+
easy-0043,mismatch,1,4,Rxb6,Rxb6 axb4 Rxb6 Nxd5+
easy-0044,mismatch,1,5,Bxa6,Bxa6 bxa6 Rc6+ Ke7 Rxb6+
easy-0045,mismatch,2,4,Nxh7 f5,Nxh7 f5 Kxh7 Nf6+
easy-0046,mismatch,2,8,Ndb5 Ncb5,Ndb5 Ncb5 axb5 Nxb5 Bg3+ hxg3 Qxg3+ Bf2+
easy-0047,match,3,3,Rxe4 Qxe4 Qa1+,Rxe4 Qxe4 Qa1+
easy-0048,match,5,5,Nxf7 Rxf7 Qh7+ Kf8 Qh8#,Nxf7 Rxf7 Qh7+ Kf8 Qh8#
easy-0049,mismatch,1,3,Rxd5,Rxd5 cxd5 Bxd5+
easy-0050,match,5,5,Rxh7+ Kxh7 Qh3+ Kg7 Qh6#,Rxh7+ Kxh7 Qh3+ Kg7 Qh6#
easy-0051,mismatch,1,4,Bxg2,Bxg2 Qg3 Qxg2 Rg4
easy-0052,match,3,3,Qg2+ Rxg2 fxg2#,Qg2+ Rxg2 fxg2#
easy-0053,match,5,5,f3+ Kg1 Qxf1+ Kxf1 Rd1#,f3+ Kg1 Qxf1+ Kxf1 Rd1#
easy-0054,match,5,5,Bxh2+ Kxh2 Qh4+ Rh3 Qxe1,Bxh2+ Kxh2 Qh4+ Rh3 Qxe1
easy-0055,match,3,3,Rxf5 gxf5 Qxg7,Rxf5 gxf5 Qxg7
easy-0056,mismatch,1,3,Bxh7+,Bxh7+ Kxh7 Qxf8+
easy-0057,mismatch,4,24,Qxe1+ Rxf3 Rf1 Qxf1+,Qxe1+ Rxf3 Rf1 Qxf1+ Qxe2 Qc8+ Rf8 Qxf8# Bxf1 Nf2+ Kg2 Nxh3 Kxf3 Ng5+ Kf4 Nf7 Kf5 Nxe1 Nf2+ Kg2 Nxh3 Nf3 Kxh3 Re8
easy-0058,mismatch,3,5,Nxe4 Bxe4 c5,Nxe4 Bxe4 c5 Bxc5 Qxe4+
easy-0059,mismatch,1,14,Nxf5+,Nxf5+ Bxf5 Rh4 Rxg3 Nh5 Qh8 exf5 Kf8 Nxd6 Rh4 Qxf7+ Qxf7 Nxf7+ Nxd5+
easy-0060,mismatch,2,4,Nxd5 cxd5,Nxd5 cxd5 Bd6 Bxd6
easy-0061,mismatch,1,7,Bxf2,Bxf2 Qxf2 Qxf2+ Kxf2 Rd2+ Ke3 Rxc2
easy-0062,match,6,6,Rxf3 gxf3 Rxf3 Qd1+ Rf1 Qxf1#,Rxf3 gxf3 Rxf3 Qd1+ Rf1 Qxf1#
easy-0063,match,3,3,Qxe6+ fxe6 Bg6#,Qxe6+ fxe6 Bg6#
easy-0064,mismatch,3,6,Bg6 fxg6 Qa5,Bg6 fxg6 Qa5 Bxf7+ Kd8 Qxg6#
easy-0065,match,3,3,Bb5 axb5 Qxe2#,Bb5 axb5 Qxe2#
easy-0066,mismatch,4,13,Rd8+ Qxb7 Rxb7 Bxe5,Rd8+ Qxb7 Rxb7 Bxe5 Qxb7 Rxb7 Rd8+ Bf8 Ba3 Nd7 Bf8 Rxd8 Qxb7+
easy-0067,mismatch,1,5,Nxf7,Nxf7 Kxf7 Qxe6+ Kg7 Qf7#
easy-0068,match,1,1,Bxf6,Bxf6
easy-0069,mismatch,1,5,Rxe4,Rxe4 Rxe4 Kf5+ Kf2 Kxe4
easy-0070,match,3,3,Bxh7+ Nxh7 Bxe7,Bxh7+ Nxh7 Bxe7
easy-0071,match,3,3,Nf6+ gxf6 Bxf6,Nf6+ gxf6 Bxf6
easy-0072,mismatch,3,3,Nh6+ gxh6 Bxf6,Nh6+ gxh6 Bxf6+
easy-0073,match,3,3,Ng6+ hxg6 Rh4#,Ng6+ hxg6 Rh4#
easy-0074,mismatch,1,5,Qxh2+,Qxh2+ Kxh2 Ng4+ Kg3 Nxh6
easy-0075,match,3,3,Bxg2 Kxg2 Rg6+,Bxg2 Kxg2 Rg6+
easy-0076,mismatch,3,5,Qxc3 Qxc3 Ne4+,Qxc3 Qxc3 Ne4+ Kf1 Nxc3
easy-0077,match,6,6,Qxf6+ Kxf6 Nxe4+ Ke5 Nxc5 bxc5,Qxf6+ Kxf6 Nxe4+ Ke5 Nxc5 bxc5
easy-0078,match,3,3,Nxe4 Qxe4 Bd5,Nxe4 Qxe4 Bd5
easy-0079,mismatch,3,7,Rxd3 Rexd3 Rxd3,Rxd3 Rexd3 Rxd3 Bxc4 Rxd3 Bxc4 Ke2
easy-0080,match,5,5,Rxg2 Rxg2 Qh3+ Kg1 Qxg2#,Rxg2 Rxg2 Qh3+ Kg1 Qxg2#
easy-0081,mismatch,5,7,Qxg2+ Rf2 Qxf2+ Kxf2 Rh2+,Qxg2+ Rf2 Qxf2+ Kxf2 Rh2+ Kf3 Rxc2
easy-0082,match,3,3,Rxb2 Rxb2 Qxd1+,Rxb2 Rxb2 Qxd1+
easy-0083,match,3,3,Rxd2 Rxd2 Nxb3,Rxd2 Rxd2 Nxb3
easy-0084,mismatch,2,6,Nxd4 Bxd4,Nxd4 Bxd4 Rxd4 Bxd4 Rxd4 Qe1#
easy-0085,match,4,4,Nxe5 Ne6 fxe5 Bg5+,Nxe5 Ne6 fxe5 Bg5+
easy-0086,mismatch,1,3,Nf3+,Nf3+ Qxf3 Qxd2
easy-0087,mismatch,2,6,Bxe6 Nxe6,Bxe6 Nxe6 Qf5+ Qe4+ Kh8 Qxe6
easy-0088,match,3,3,Rxa5 Rxa5 b3,Rxa5 Rxa5 b3
easy-0089,mismatch,1,5,Qxe5,Qxe5 dxe5 Ne2+ Kh2 Nxg3
easy-0090,mismatch,4,5,Bxf6 Bxf6 e7+ Kg7,Bxf6 Bxf6 e7+ Kg7 exd8=Q+
easy-0091,match,7,7,Bxb2 Qxb2 Rd1+ Bf1 Rxf1+ Kg2 Rd1,Bxb2 Qxb2 Rd1+ Bf1 Rxf1+ Kg2 Rd1
easy-0092,match,4,4,Nxc3 Qxa3 Rxc3 Qxa2#,Nxc3 Qxa3 Rxc3 Qxa2#
easy-0093,mismatch,2,4,Rxe3 Qxe3,Rxe3 Qxe3 Rxg7+ Bf4
easy-0094,mismatch,1,4,Be4,Be4 Bxe4 Rxd2 exd2
easy-0095,match,1,1,Qxc7,Qxc7
easy-0096,mismatch,1,5,Nxd5,Nxd5 cxd5 Qxe5 Qxe5 Bxe5+
easy-0097,match,6,6,Qxh3+ Kxh3 Nxf2+ Kg2 Nxd1 Rxd1,Qxh3+ Kxh3 Nxf2+ Kg2 Nxd1 Rxd1
easy-0098,mismatch,5,5,Qxd7+ Kxd7 Nc5+ Ke7 Nxe4,Qxd7+ Kxd7 Nc5+ Ke7 Nxe4+
easy-0099,match,5,5,Rxe3 fxe3 Qg2+ Ke1 Nf3#,Rxe3 fxe3 Qg2+ Ke1 Nf3#
easy-0100,mismatch,2,6,Rd8+ Ke7,Rd8+ Ke7 Kxd8 Nxf7+ Ke7 Nxe5+
easy-0101,mismatch,2,6,Qxd5 Nxd5,Qxd5 Nxd5 Bf4 Re8+ Kh7 Rh8#
easy-0102,mismatch,3,12,Rxh2+ Kg1 Rbg2+,Rxh2+ Kg1 Rbg2+ Rhg2+ Qxg2 Kf1 Rxg5 Rxg2+ Kxg2 Ne3+ Kf3 Nxd1
easy-0103,mismatch,4,9,Bxh7+ Qh5 Nf5 g4,Bxh7+ Qh5 Nf5 g4 Rh6 Kxh7 Qh5+ Rh6 Qxc5
easy-0104,match,7,7,Bxg7+ Kg8 Bh8 Kxf7 Qxf6+ Kg8 Qg7#,Bxg7+ Kg8 Bh8 Kxf7 Qxf6+ Kg8 Qg7#
easy-0105,mismatch,4,9,Rxe2 Rxe2 d3 Rxe5,Rxe2 Rxe2 d3 Rxe5 Rc3 dxe2+ Ke1 Bb4 dxc2+
easy-0106,match,5,5,Rxc3 Rxc3 Qa1+ Kg2 Qxc3,Rxc3 Rxc3 Qa1+ Kg2 Qxc3
easy-0107,mismatch,3,6,Nxf7 Kxf7 Qe7,Nxf7 Kxf7 Qe7 Qxe6+ Kf8 Qf7#
easy-0108,mismatch,1,4,Re1+,Re1+ Kh2 Rxe1 Qxd4
easy-0109,match,3,3,Nxf4 exf4 Rxe2,Nxf4 exf4 Rxe2
easy-0110,mismatch,4,15,Bxc4 Rxe6 fxe6 Bxc4,Bxc4 Rxe6 fxe6 Bxc4 Rxe6 Kh7 Qxe1+ Bxc4 Rd6 Bxe6 Re8+ Rxe8 Rxe8+ Kh7 Rh8#
easy-0111,mismatch,2,5,Bxg4 Qxg4,Bxg4 Qxg4 Qg3 g4 Rg6
easy-0112,mismatch,4,5,d4 Rxd4 Qe1 d3,d4 Rxd4 Qe1 d3 Qb6
easy-0113,mismatch,5,7,Nxd5 Ba6 Rd8 Rxc2 Nf6+,Nxd5 Ba6 Rd8 Rxc2 Nf6+ Kf8 Rxc2+
easy-0114,mismatch,1,7,Nfxe6,Nfxe6 Ngxe6+ axb5 Bxb5 Ngxe6+ Nxe6 Bxd5+
easy-0115,mismatch,1,5,Qg8+,Qg8+ Kxg8 Be6+ Kh8 Rg8#
easy-0116,mismatch,3,7,Qh8+ Nxf7 Qxe3,Qh8+ Nxf7 Qxe3 Kxh8 Nxf7+ Kg7 Nxg5+
easy-0117,mismatch,2,7,Rxg7+ Qe8,Rxg7+ Qe8 e4 Nf6+ Rxf6 Rxg7 Nf6#
easy-0118,mismatch,1,3,Rg1+,Rg1+ Rxg1 Nf2#
easy-0119,mismatch,1,5,Rxd4,Rxd4 Rxd4 Rxe5+ Kxg4 f3#
easy-0120,mismatch,3,8,Rxe4 Qxe4 Qg6,Rxe4 Qxe4 Qg6+ Qf7+ Kh8 Qf8+ Rxf8 Rxf8#
easy-0121,mismatch,1,4,d3,d3 b2 Bxg7 dxe2
easy-0122,mismatch,1,3,Rf1+,Rf1+ Kxf1 Qe1#
easy-0123,mismatch,2,5,Ba6 Bxa6,Ba6 Bxa6 c6 Bxb7+ Qa8#
easy-0124,mismatch,1,5,Nxa6,Nxa6 Bxa6 Rb6+ Kd7 Rxa6+
easy-0125,mismatch,3,3,Rxf8+ Rxf8 axb4,Rxf8+ Rxf8 axb4+
easy-0126,mismatch,1,5,Qxf4,Qxf4 gxf4 Ne3+ Kg3 Nxd1
easy-0127,mismatch,1,3,Qh6+,Qh6+ Kxh6 Rh1#
easy-0128,match,11,11,Qxg1+ Kxg1 Rxg2+ Kh1 Rh2+ Kg1 Rcg2+ Kf1 Bb5+ Ke1 Rh1#,Qxg1+ Kxg1 Rxg2+ Kh1 Rh2+ Kg1 Rcg2+ Kf1 Bb5+ Ke1 Rh1#
easy-0129,mismatch,3,3,f5 Bxf5 Re7,f5 Bxf5 Re7+
easy-0130,mismatch,2,11,Bxg6+ Re2,Bxg6+ Re2 Rxg6 Re7+ Kg8 Qxg6+ Qf7+ Kh8 Qh7# Kf8 Qg7#
easy-0131,mismatch,1,5,Rxh1,Rxh1 Qxh1 Nxd4 cxd4 Qxd2
easy-0132,mismatch,2,9,Qxh6+ Qd2+,Qxh6+ Qd2+ Qd2+ Qf4 Qd8+ Qf6+ Kh7 Qxd8 Kxh6
easy-0133,mismatch,1,3,Bxa2,Bxa2 Nxa2 Nb3+
easy-0134,mismatch,1,7,Rd8+,Rd8+ Rc1 Bd4+ Qxd8 Qxc3+ Qf6 Qxf6#
easy-0135,match,6,6,Nxd5 Ne6 Rxf7 Bxd4+ Kh1 Nxb4,Nxd5 Ne6 Rxf7 Bxd4+ Kh1 Nxb4
easy-0136,match,1,1,Bxh2+,Bxh2+
easy-0137,match,5,5,Qxe4 Nxe4 Ne2+ Kh1 Nxg3+,Qxe4 Nxe4 Ne2+ Kh1 Nxg3+
easy-0138,mismatch,2,8,Bxg7 exd3,Bxg7 exd3 Kxg7 Nxe4 f6 Bd4+ dxc2 Rh8#
easy-0139,mismatch,1,4,Nxe3,Nxe3 Qxe3 Bxe6 Qxg2#
easy-0140,mismatch,1,9,Nd4,Nd4 Nxd4 Nf6+ Qxf6 Qxd4 Rxd4 Nf6+ Qxf6 Qxd4
easy-0141,mismatch,2,4,Bxc5 Bxc5,Bxc5 Bxc5 Qb8+ b4+
easy-0142,mismatch,1,9,Bd6,Bd6 bxc6 Bxg4 Bxe2 Nxe7+ h3 Bxe2 Nd4 Bxf1
easy-0143,mismatch,1,5,Rxf6,Rxf6 Rh3 Qxf6 Kxf6 Bxg5+
easy-0144,mismatch,3,11,Qd4+ Qe3+ Rf2,Qd4+ Qe3+ Rf2 Kh1 Qf2 Re7 Qa4 Ra7 Kh1 Rf2 Re1#
easy-0145,mismatch,1,6,Nd3,Nd3 Rf1 f2 Qxb6 Rxd3 Qa1+
easy-0146,mismatch,1,3,Qxh2+,Qxh2+ Kxh2 Rh5#
easy-0147,mismatch,1,6,Rg5,Rg5 Qxg5 Nxg5 Rxg7+ Kxg7 Nxg5+
easy-0148,mismatch,1,11,Bb6+,Bb6+ Rxf4 Be6+ Kh8 Nd5 Nb2 Qxf5 Kf1 Rxf4+ gxf4 Qxf4+
easy-0149,mismatch,1,6,Re7+,Re7+ dxc7 Rc6 Kf8 Kf6 dxc7+
easy-0150,match,3,3,Rxe2 Qxe2 Qxc1+,Rxe2 Qxe2 Qxc1+
easy-0151,mismatch,1,3,Ng3+,Ng3+ hxg3 Ra8
easy-0152,mismatch,1,5,Nf3+,Nf3+ gxf3 Rg6+ Kh1 Nf2#
easy-0153,mismatch,1,3,Qxc4,Qxc4 bxc4 Rxf7#
easy-0154,mismatch,1,21,Qxd5,Qxd5 Bh6+ Ke7 Rxd5 Qb4+ Kd7 Rd2 Rxd2 Bxd2 Rg6 Rxe2+ Qb4+ Kg7 Qh4 Re8 Qxd5 Bh6+ Bb4+ Qc5+ Ke7 Rxd5+
easy-0155,mismatch,2,11,Nd5 Nb5,Nd5 Nb5 Qe7 Bxf6 Qxf6 Nxd6+ Bxb2 exd5 Bxf6 Ng6 Bxd8+
easy-0156,mismatch,1,3,Bh7+,Bh7+ Kxh7 Qxf8+
easy-0157,mismatch,1,3,Rg8+,Rg8+ Kxg8 Qxf6
easy-0158,mismatch,1,4,Nd5,Nd5 Nc5 cxd5 cxd5+
easy-0159,mismatch,1,4,Qxg6,Qxg6 hxg6 Rh4 Rh8#
easy-0160,mismatch,1,4,Bh7+,Bh7+ Nxh7 Kh8 Qxf8#
easy-0161,mismatch,1,9,Rxe6,Rxe6 Rxe6 Ra1+ Qxf4 Re8+ Nf8 Qh5 Kh2 Qxf4+
easy-0162,mismatch,1,12,Bxe3,Bxe3 Bxe3 Bg2 Bxf2 Qxf2 Rg1+ Rxg1 Qxh4 Bg5 Qe4+ Bg2 Qxd4
easy-0163,mismatch,1,3,Rxh2+,Rxh2+ Kxh2 Qh4#
easy-0164,mismatch,2,4,Rxd2 Rxd2,Rxd2 Rxd2 Qh4 Qxc1+
easy-0165,mismatch,1,3,Bb5,Bb5 Bxb5 Rd8#
easy-0166,mismatch,6,6,Bxg6 Bxf4 fxg6 Nxe6+ Ke7 Nxc7,Bxg6 Bxf4 fxg6 Nxe6+ Ke7 Nxc7+
easy-0167,mismatch,1,8,Rf8+,Rf8+ Qxh7+ Kxh7 Rxd7 Rxf8 Rxf8+ Kxf8 Qxh7+
easy-0168,mismatch,2,8,Rxc7 Nd4,Rxc7 Nd4 Nb5 Qe7 Nb5 c6 Kxc7 Qa7+
easy-0169,match,1,1,Qxc5,Qxc5
easy-0170,mismatch,2,4,Rxe8+ Rxe8,Rxe8+ Rxe8 Kf7+ Qxf6
easy-0171,match,1,1,Ne3+,Ne3+
easy-0172,mismatch,3,3,Rxd5 Qxd5 Qxc7,Rxd5 Qxd5 Qxc7+
easy-0173,match,5,5,Bxc6 Bxc6 Qc7+ Qe7 Qxc6,Bxc6 Bxc6 Qc7+ Qe7 Qxc6
easy-0174,mismatch,1,3,Bxf2,Bxf2 Kxf2 Rh2+
easy-0175,match,1,1,Rd4,Rd4
easy-0176,mismatch,1,3,Nc5,Nc5 dxc5 Rxd3
easy-0177,mismatch,1,4,Rxb2,Rxb2 Rxb2 Nb5 Bxc3+
easy-0178,mismatch,1,7,Rxd4,Rxd4 exd4 Qf5+ Qf7 Qc8+ Qe8 Qxe8#
easy-0179,mismatch,1,3,Bf6,Bf6 gxf6 exf6
easy-0180,match,1,1,Rxd4,Rxd4
easy-0181,mismatch,1,3,Qxf6+,Qxf6+ Qxf6 Rxh7#
easy-0182,mismatch,1,5,Rxb3,Rxb3 Nxb3 Qe6+ Kb8 Qxb3+
easy-0183,mismatch,1,4,Qxg5,Qxg5 Bxg5 Rge1 Nf2#
easy-0184,match,1,1,Bh3+,Bh3+
easy-0185,match,3,3,Nxe5 Nxe5 Bxd5+,Nxe5 Nxe5 Bxd5+
easy-0186,mismatch,4,7,Ra8 Kc7 Nxa6 Rxa6+,Ra8 Kc7 Nxa6 Rxa6+ a7 Rxb7 Rc8+
easy-0187,mismatch,2,5,Ne5 Rf8,Ne5 Rf8 fxe5 Qf7# Nxd7
easy-0188,mismatch,1,7,e4,e4 d6 Bxe4 dxe4 Bb5+ Kf8 Rxd6+
easy-0189,mismatch,1,9,Nf6,Nf6 Ne3 Be5 Qxf6 Bxf6 Rxh5+ Qxh5+ Kg8 Qxe8+
easy-0190,match,1,1,e7,e7
easy-0191,mismatch,1,5,Rxf7+,Rxf7+ Nxf7 Ne6+ Rxe6 Qxd4+
easy-0192,mismatch,1,4,Qh6,Qh6 f6 Nxb2 Ng5+
easy-0193,match,1,1,Nxe3,Nxe3
easy-0194,mismatch,1,5,Bxg6,Bxg6 Qxg6 Qxe5+ Kg8 Qxc5
easy-0195,match,8,8,Rc7+ Qxf5+ Kb8 Bxa5 Ka8 Kb8 Kxd8 Qe7#,Rc7+ Qxf5+ Kb8 Bxa5 Ka8 Kb8 Kxd8 Qe7#
easy-0196,match,1,1,Rxf4+,Rxf4+
easy-0197,mismatch,1,11,Bh5,Bh5 Rxf6 gxf6 Bh5 Qb7 Bxf7+ Qxf7 Qb6 g6 Nxh5 Qxf7+
easy-0198,mismatch,1,12,Bxf3,Bxf3 g2 Rgxg2+ Bxg2 Rxf5 Rc1 Rxf3 Rgxg2+ Kh1 Rh2+ Kg1 Ne2+
easy-0199,match,1,1,Re7,Re7
easy-0200,mismatch,1,6,Re1+,Re1+ Rxe1 Kf2 Qxd5 Rxd5 Rxa1
easy-0201,match,3,3,Qxh7+ Qxh7 Nxf6+,Qxh7+ Qxh7 Nxf6+
easy-0202,mismatch,1,4,Rxe5,Rxe5 Qxh4 Qxe5 Qxg2#
easy-0203,mismatch,1,4,Qd8+,Qd8+ Rxd8 Qf8 Bh7+
easy-0204,mismatch,1,10,Rxd7,Rxd7 Bg4 Bxg4 hxg4 Qxd7 Bg4 Qd8 Bxc8 Qxc8 Qxb5+
easy-0205,mismatch,1,19,Qb8+,Qb8+ Bxe5 Ng5+ Kg1 Kg3 Nxe4+ fxe4 Qg5+ Nxf3+ Rxb8 Rxb8+ Kg7 Rf8 Bxe5+ Rxf8+ Qxf8 Bxe5+ Qg7 Rxf8#
easy-0206,mismatch,1,13,Qxh1+,Qxh1+ Qh2+ Rxh2 gxh2+ Kh1 Rg1+ Qxg1 hxg1=Q+ Kxg1 Kxh1 g2+ Kg1 Bd4
easy-0207,match,5,5,Ne3 b4 Bxe3 Rxf7 Nxg4+,Ne3 b4 Bxe3 Rxf7 Nxg4+
easy-0208,mismatch,1,11,Ne6,Ne6 fxe6 g5 Nxf8 fxg6 gxf4 Nfg6+ fxg6 Nxg6+ Qc8 Rxg7
easy-0209,mismatch,1,6,h5+,h5+ Nf6+ Rxf6 Rxf6 Kxh5 Rxf5
easy-0210,match,1,1,Nf6+,Nf6+
easy-0211,mismatch,1,5,Qf6+,Qf6+ Qxf6 Re8+ Qf8 Rxf8#
easy-0212,match,3,3,Nxf3 gxf3 Bxf3+,Nxf3 gxf3 Bxf3+
easy-0213,mismatch,5,5,Nxc6 Rxc6 Rb8 Kh7 Rxd8,Nxc6 Rxc6 Rb8 Kh7 Rxd8+
easy-0214,mismatch,1,3,b6,b6 Rxf7 bxa7+
easy-0215,mismatch,1,6,Rxc3,Rxc3 d3 Rxc3 Rxc3 Qxc3 Qxd1
easy-0216,mismatch,1,5,Re1+,Re1+ Rxe1 Rxe1+ Rxe1 Qxd3
easy-0217,mismatch,1,9,Bxh3,Bxh3 gxh3 Qxh3+ Kg1 Qg3+ Kh1 Qf3+ Kg1 Qxf6
easy-0218,match,1,1,Qf5,Qf5
easy-0219,match,1,1,Ndb5,Ndb5
easy-0220,mismatch,2,5,Nxc7 Kxc7,Nxc7 Kxc7 Rd8 Nd5 e6+
easy-0221,match,3,3,Bg7+ Qxg7 Qxe8+,Bg7+ Qxg7 Qxe8+
easy-0222,match,1,1,Qh6+,Qh6+
intermediate-0223,match,4,4,Bxd4+ Kh1 cxd4 Qxh2#,Bxd4+ Kh1 cxd4 Qxh2#
intermediate-0224,match,4,4,Rxe6+ Kxe6 fxe6 Bh6+,Rxe6+ Kxe6 fxe6 Bh6+
intermediate-0225,mismatch,1,5,e3,e3 f3 fxe3 Rg6 Rg6
intermediate-0226,mismatch,2,13,Rde8+ Rhe8+,Rde8+ Rhe8+ Bxe8 Rxe8+ Kf2 Qe3+ Bc5+ Kg3 Qh6 Kf1 Bxf3 gxf3 Bc5
intermediate-0227,mismatch,4,4,h3 Qxg2 Qh5 g4,h3 Qxg2 Qh5 g4+
intermediate-0228,match,4,4,Nc6+ Qxc6 Bxc6 Bxc5+,Nc6+ Qxc6 Bxc6 Bxc5+
intermediate-0229,mismatch,1,7,Qxg6,Qxg6 fxg6 f7+ Kd8 f8=Q+ Rxf8 Rxf8#
intermediate-0230,mismatch,1,3,d6,d6 Bxd6 Be6+
intermediate-0231,mismatch,1,4,Ne6+,Ne6+ Ke8 fxe6 Ba5+
intermediate-0232,mismatch,2,7,Nge6 fxe6,Nge6 fxe6 g6 g5 Nxf8 gxf4 Nd7
intermediate-0233,match,4,4,Nc7+ Kf8 Ke7 Qd6#,Nc7+ Kf8 Ke7 Qd6#
intermediate-0234,match,4,4,Nd6 c5 Rxd6 Qe8,Nd6 c5 Rxd6 Qe8
intermediate-0235,mismatch,1,6,b6,b6 Kb7 d5+ Kb6 Qxd5 Be4
intermediate-0236,mismatch,1,5,Nxd4,Nxd4 Bxf4 c3 Qxd4 Bc5
intermediate-0237,mismatch,1,5,Bxh6,Bxh6 gxh6 Nf6+ Kh8 Nxe8
intermediate-0238,mismatch,1,5,Rd7,Rd7 Qxd7 Nh6+ gxh6 Qxd7
intermediate-0239,match,8,8,Rg6+ Bg3 Rxg3+ hxg3 f2+ Kxf2 Qxf2 Qh1#,Rg6+ Bg3 Rxg3+ hxg3 f2+ Kxf2 Qxf2 Qh1#
intermediate-0240,match,1,1,d5,d5
intermediate-0241,mismatch,1,3,Rxf7,Rxf7 Rxf7 Qxe6
intermediate-0242,mismatch,8,19,Rc8 Bxg2 Kxg2 Rxd1 Rxd1 Qg4+ Qg3 Qxd1,Rc8 Bxg2 Kxg2 Rxd1 Rxd1 Qg4+ Qg3 Qxd1 Rxh6+ Kxh6 Qh4+ Qh5 Qxd8 Qg5+ Qxg5+ Kxg5 Rxe4 Qxc8 Qxd2
intermediate-0243,mismatch,1,7,Rxd7+,Rxd7+ Rd2+ Rad1 Kxd7 Rd1+ Nd4 cxd4
intermediate-0244,mismatch,10,12,Nxe5 Bxc6 Qxc6 Nxe5 Bxd1 Nxc6 Bxc2 Bxd1 Nxd7 Kxd7,Nxe5 Bxc6 Qxc6 Nxe5 Bxd1 Nxc6 Bxc2 Bxd1 Nxd7 Kxd7 Bxc2 Nxc5+
intermediate-0245,match,1,1,Rxd4,Rxd4
intermediate-0246,mismatch,3,22,Rxd5 Nd4 Be7,Rxd5 Nd4 Be7 hxg6 fxg6 Qxe7 Bxg6 Qxg6 Rxe7 Nxf6+ Rxe7 Qh7+ Kf8 Nxf6+ Nxe7+ Rxe7 exd5 Nd4 Ne7+ Nxf5 Rxf5 hxg6
intermediate-0247,mismatch,3,7,Nxf2 Nxf2 Qe1+,Nxf2 Nxf2 Qe1+ Kh2 Qf1 Bxf2+ Bxf2
intermediate-0248,mismatch,3,9,Bxg3 fxg3 Rxf1+,Bxg3 fxg3 Rxf1+ Qe3+ Qxf1 Kxf1 Bxg4 Qxg4 Qxc1+
intermediate-0249,match,4,4,Rxe6 Qxb5 Qxe6 Nc7+,Rxe6 Qxb5 Qxe6 Nc7+
intermediate-0250,mismatch,1,10,Bxh6,Bxh6 gxh6 Qd7+ Rxe6 fxe6 Qg6+ Kh8 Qxh6+ Kg8 Qxe6+
intermediate-0251,mismatch,9,9,Qd8+ Bf8 Rh8+ Kxh8 Qxf8+ Kh7 Qxf7+ Kh8 Bxg6,Qd8+ Bf8 Rh8+ Kxh8 Qxf8+ Kh7 Qxf7+ Kh8 Bxg6+
intermediate-0252,mismatch,2,31,Nec5+ Nbc5+,Nec5+ Nbc5+ Nxd6 Kxd6 Bf4+ Kd5 Kd7 Nc5+ Ke8 Bd6 Re5+ Kc4 Nc5 Rc1+ b4 b3+ Kb5 Rxe7 Bxe7 Rxe7 Rb6 Bc7 Bf4 Nf5 Nbc5+ Kc7 Na6+ dxc5 Nxc5+ Kd6 Bf4+
intermediate-0253,match,3,3,Bxg2 Kxg2 Qc6+,Bxg2 Kxg2 Qc6+
intermediate-0254,mismatch,1,13,Bxc6,Bxc6 f4 Rxf4 Rxg3+ Kf2 Kf1+ Kh2 R3g4 Rh3 Kxc6 Re6+ Kc5 Rxh6
intermediate-0255,mismatch,3,6,Nf6 gxf6 Qh4+,Nf6 gxf6 Qh4+ Bxf6+ Kg8 Bxf6+
intermediate-0256,mismatch,1,14,Nxe5,Nxe5 Bxf7+ Kxf7 Nxg5+ Nxe5+ dxe5 Qxg4 Qxg5 Bxg5 Bxd1 f3 Bxd1 dxe5 Qxg4+
intermediate-0257,match,4,4,Rxd3 Qxd3 Rxd3 Qxa8+,Rxd3 Qxd3 Rxd3 Qxa8+
intermediate-0258,mismatch,4,4,Nxe6 Be8 Qxe6 Rg6,Nxe6 Be8 Qxe6 Rg6+
intermediate-0259,mismatch,2,9,Bxg6 hxg6,Bxg6 hxg6 Qf8 Bxh7+ Qxg6+ Kh8 Qh6+ Kg8 Qxf4+
intermediate-0260,mismatch,2,8,Bxf2+ Kh1,Bxf2+ Kh1 Rxf2 Rc1+ Rf1 Qe3+ Kh1 Rxf1#
intermediate-0261,mismatch,2,5,Nxf4 Bxf4,Nxf4 Bxf4 Bb5 Nxc6 Nxe2+
intermediate-0262,mismatch,4,6,Nxe4 Bxe4 O-O Qc5+,Nxe4 Bxe4 Kh1 Nf2+ Rxf2 Qxf2
intermediate-0263,match,5,5,Nxc6 bxc6 Qxa6+ Kd7 Qxa2,Nxc6 bxc6 Qxa6+ Kd7 Qxa2
intermediate-0264,mismatch,2,9,Nxh2 Qh5,Nxh2 Qh5 h3 Ng1 Ree1 Nxh3 Kxh2 Qd3 Ng4
intermediate-0265,mismatch,8,9,Qc3+ Ka4 b5+ Kxb5 Qc4+ Ka5 Bd8+ Qb6,Qc3+ Ka4 b5+ Kxb5 Qc4+ Ka5 Bd8+ Qb6 Bxb6#
intermediate-0266,mismatch,5,9,Qxf7+ hxg7 Qa2+ Qxa2 Nxa2,Qxf7+ hxg7 Qa2+ Qxa2 Nxa2 Kxf7 Ne7+ Bf3 Rxf3#
intermediate-0267,mismatch,2,7,Bxf7+ Qd5,Bxf7+ Qd5 Qe7 Kxf7 Qd5+ Ke8 Qxc5
intermediate-0268,mismatch,6,24,Rh1+ Bxg3 Nxg3 Qh4 fxg4 Qxg3,Rh1+ Bxg3 Nxg3 Qh4 fxg4 Qxg3 Rh2 Qe2 Qh4 Re3 Qf3 Kxh1 Bxg3 Nxg3 Re2 Kg1 Bh2+ Nf2 Kh1 Nf2+ Rxf2 Bg3+ Kg1 Bxf2#
intermediate-0269,mismatch,1,5,d4,d4 cxd4 Rxc8+ Nxc8 Nxh6+
intermediate-0270,mismatch,5,5,Bxa6 bxa6 b5 axb5 axb5,Bxa6 bxa6 b5 axb5 axb5+
intermediate-0271,mismatch,1,16,f5,f5 gxf5 Bh6 Ne7 Qxa4 Nxf5 Rg8 Nxg7+ Rxg7 Qxf6 Qxc2 Nc3 Qxg2 Rf1 Bxh6 Qxf6
intermediate-0272,match,8,8,f2+ Rxf2 Qxf2 Nf3+ Kh1 Nd2+ Kg1 Nxf1,f2+ Rxf2 Qxf2 Nf3+ Kh1 Nd2+ Kg1 Nxf1
intermediate-0273,mismatch,6,18,Rxh2+ Kxh2 Qh6+ Rh8+ Kg1 Qg6,Rxh2+ Kxh2 Qh6+ Rh8+ Kg1 Qg6 Kf2 Rh2 Ke1 Nxg2+ Rxg2 Rxg2 Rf2 Kg1 Nh3+ Kh2 Qxh3 Qxh3
intermediate-0274,mismatch,1,5,Rh4,Rh4 Kxh4 g5+ Kxg5 Kg7
intermediate-0275,mismatch,5,12,Bxc6+ bxc6 Qxc6+ Kf7 Qxa8,Bxc6+ bxc6 Qxc6+ Kf7 Qxa8 exd4+ Kf2 Bb7 Qe4 Qd5+ Kg6 Be2
intermediate-0276,mismatch,1,3,Rxh3+,Rxh3+ gxh3 Qxf3+
intermediate-0277,mismatch,2,11,Nxd6 Bf4,Nxd6 Bf4 Rf1 hxg5 Nxd6 cxd6 Qxd6+ Kb7 Kc8 Qc5+ Qd5+
intermediate-0278,mismatch,1,23,d5,d5 Ba6+ Kb8 d5 Bd7 Bc4+ dxc6 Bxc6 Bc4+ cxd5 Bxd5 Ba6+ Bxd5+ Ba6+ c6 dxc4 b7+ Kb8 d7+ Bb3+ Ba2+ Kb8 c6
intermediate-0279,match,6,6,Ne6+ fxe6 Rxf4+ Kg8 Ke8 Bb5+,Ne6+ fxe6 Rxf4+ Kg8 Ke8 Bb5+
intermediate-0280,mismatch,4,9,Rxc2 Qxd6 Qxc2 Bf5,Rxc2 Qxd6 Qxc2 Bf5 Rc1+ Kxc1 Rc8+ Be6 Rxf2
intermediate-0281,match,5,5,Ne7+ Kh8 Qxh7+ Kxh7 Rh4#,Ne7+ Kh8 Qxh7+ Kxh7 Rh4#
intermediate-0282,mismatch,4,24,Rad1 Rf8 Qd5+ Re8,Rad1 Rf8 Qd5+ Re8 Qxa2 h4 h6 Rdd8 Rxe8 Qxe8+ Kh7 h5 h3 f3 h6 h5 Rdd8 Rxe8 Qxe8+ Kh7 Qxh5# g4 Kh8 Qxf5
intermediate-0283,mismatch,2,8,Nh3 gxh3,Nh3 gxh3 Bf3+ Qf3+ Bxf3 Bxf3# Bxf3 Qxf3#
intermediate-0284,mismatch,7,7,Bxg7 Nh5 Nxf2 Kxg7 Nf5+ Kh8 Qxg4,Bxg7 Nh5 Nxf2 Kxg7 Nf5+ Kh8 Qxg4+
intermediate-0285,mismatch,3,9,Rxc6+ bxc6 Qc1,Rxc6+ bxc6 Qc1 Qd2 Re5 Rxd4 fxe3 Rd6 Rxf7
intermediate-0286,mismatch,3,15,Rxe2 Rxe2 Rb1+,Rxe2 Rxe2 Rb1+ Nxf4 Re1 Nxd5 exd5+ Kg2 Nxf4+ Kf3 Nxe2 Kxe2 Rb2+ Kf3 Rxa2
intermediate-0287,mismatch,1,3,Nxe5,Nxe5 dxe5 d4
intermediate-0288,match,5,5,Bxh7+ Kxh7 Qd3+ Kg8 Qxd7,Bxh7+ Kxh7 Qd3+ Kg8 Qxd7
intermediate-0289,match,8,8,Qc3+ f6 Nxf6 Rxf6 Bxh6+ Kxh6 Kf7 Ng5+,Qc3+ f6 Nxf6 Rxf6 Bxh6+ Kxh6 Kf7 Ng5+
intermediate-0290,match,3,3,a6 bxa6 Kd7,a6 bxa6 Kd7
intermediate-0291,mismatch,5,5,e6 fxe6 Qh5+ g6 Qxc5,e6 fxe6 Qh5+ g6 Qxc5+
intermediate-0292,mismatch,2,6,Ng5 Nxg5,Ng5 Nxg5 Ne5 fxe5 Qxg5 e4
intermediate-0293,match,3,3,Ng3+ hxg3 hxg3+,Ng3+ hxg3 hxg3+
intermediate-0294,mismatch,3,4,Bxd6 cxd6 Bc8,Bxd6 cxd6 Bc8 Nxd6+
intermediate-0295,match,9,9,Qd8+ Qf8 Rxg7+ Kxg7 Qg5+ Kf7 Qg6+ Ke7 Bg5+,Qd8+ Qf8 Rxg7+ Kxg7 Qg5+ Kf7 Qg6+ Ke7 Bg5+
intermediate-0296,match,1,1,Re6,Re6
intermediate-0297,match,5,5,Bxh3 gxh3 Qxh3+ Kg1 Qxg3+,Bxh3 gxh3 Qxh3+ Kg1 Qxg3+
intermediate-0298,mismatch,1,5,h4,h4 Kf4 h5 Kg5 Kf7
intermediate-0299,mismatch,3,5,Rxa7+ Qxa7 Ra5,Rxa7+ Qxa7 Ra5 Qxa6 Rxa6#
intermediate-0300,match,6,6,Rxg2+ Kf1 Rxg2 Rxg2+ Kxg2 Qxf6,Rxg2+ Kf1 Rxg2 Rxg2+ Kxg2 Qxf6
intermediate-0301,mismatch,1,3,Nxe4,Nxe4 Bxd8 Bf2#
intermediate-0302,mismatch,1,5,Bb4,Bb4 axb4 Rxd1 Nxd1 a3
intermediate-0303,mismatch,3,9,Rd7 Rd5 g4,Rd7 Rd5 g4 Nxh8 Re7 g3 Re1+ Kg2 Rxc1
intermediate-0304,mismatch,2,9,Nxe5 Nf6+,Nxe5 Nf6+ Bxd1 Nf6+ Kf8 gxf6 Bxf7+ Kf8 Bh6#
intermediate-0305,mismatch,4,6,Qxd5+ Kc7 Ke8 Re1+,Qxd5+ Kc7 Ke8 Re1+ Nd6+ Qd6+
intermediate-0306,mismatch,2,4,Nxe4 Nb3,Nxe4 Nb3 Qxe4 Bf3+
intermediate-0307,match,1,1,Qh3,Qh3
intermediate-0308,mismatch,4,5,Nxf7 Kxf7 Rxe4 dxe4,Nxf7 Kxf7 Rxe4 dxe4 Bc8
intermediate-0309,mismatch,3,3,Re7 Qxe7 Nxf5,Re7 Qxe7 Nxf5+
intermediate-0310,mismatch,3,40,Rxd3 cxd3 Re2,Rxd3 cxd3 Re2 d4 Bxg2+ Bxd4 Bc3 Bxg2+ Kh2 Bc6+ Kg3 Bf2+ Kg4 h5+ Kxh5 Bf3+ Kg5 Be3+ Kh4 Rg2 Kh2 Bc6+ Kg1 Kg3 Bd6+ Kh4 Re4+ Kh5 g6+ fxg6 hxg6+ Kg5 Be7+ Kh6 Rh4# Bxd4+ Kf1 Bb5 Bc3 Rxb2+
intermediate-0311,mismatch,1,3,Bf4,Bf4 Qd8 Rxe7
intermediate-0312,match,6,6,Ng6+ Qxg6 hxg6 Qh3+ Qh4 Qxh4#,Ng6+ Qxg6 hxg6 Qh3+ Qh4 Qxh4#
intermediate-0313,match,11,11,Qd7+ Re7 Rxg7+ Kxg7 Qxe7+ Kh6 Rf7 Qxf7+ Kxf7 Rxb6 axb6,Qd7+ Re7 Rxg7+ Kxg7 Qxe7+ Kh6 Rf7 Qxf7+ Kxf7 Rxb6 axb6
intermediate-0314,mismatch,1,3,Bxc2,Bxc2 Bxc2 Nc4
intermediate-0315,match,7,7,Rxg7+ Kxg7 Bh6+ Kh8 Qg5 Nh5 Rg1,Rxg7+ Kxg7 Bh6+ Kh8 Qg5 Nh5 Rg1
intermediate-0316,mismatch,1,8,exd4,exd4 Nxe4 cxd4 Bxf6 Nc5 Bxf6 Qxd4 Bxf6
intermediate-0317,match,4,4,Rxe5 dxe5 Qxe5 Nd3+,Rxe5 dxe5 Qxe5 Nd3+
intermediate-0318,mismatch,2,9,Bxg6 hxg6,Bxg6 hxg6 Bf6 Bb1 Bxc3 Rxe6 Qxg6+ Kh8 Rxe6+
intermediate-0319,mismatch,6,8,Rxd3+ Rxd3 e4+ Ke3 Kg3 Rg4+,Rxd3+ Rxd3 e4+ Ke3 Kg3 Rg4+ Kf2 exd3
intermediate-0320,match,4,4,Nf5 fxe6 gxf5 Qxf5,Nf5 fxe6 gxf5 Qxf5
intermediate-0321,mismatch,7,7,Rc8+ Ke7 b7 Bxb7 Rc7+ Ke6 Rxb7,Rc8+ Ke7 b7 Bxb7 Rc7+ Ke6 Rxb7+
intermediate-0322,mismatch,1,3,Rxf3,Rxf3 Qxf3 Nxg5
intermediate-0323,mismatch,1,16,Nc4+,Nc4+ Rxf6 gxf6 Nc4+ dxc4 Ne4+ Kd5 Nxf6+ Kxd4 Kd6 Ne4+ Kd5 Qh5+ Rd1+ dxc4 Ne4+
intermediate-0324,mismatch,5,5,Rxg7+ Kxg7 Rg1+ Kf8 Qg6,Rxg7+ Kxg7 Rg1+ Kf8 Qg6+
intermediate-0325,mismatch,5,5,Ne6 Kxd7 Nc5+ Kc6 Nxd3,Ne6 Kxd7 Nc5+ Kc6 Nxd3+
intermediate-0326,mismatch,3,7,Ra2+ Kxa2 Qa4+,Ra2+ Kxa2 Qa4+ Kb2 Re2+ Kc1 Qc2#
intermediate-0327,match,1,1,Rxe6+,Rxe6+
intermediate-0328,mismatch,3,16,Rxe3 fxe3 Bxe3+,Rxe3 fxe3 Bxe3+ Qxe3+ Qxe3 Bxe3+ Kf1 Bxc1 Na4 Ba3 Ra5 Kh1 Bxc1 Nxd5 cxd5 Rxc1
intermediate-0329,mismatch,3,11,Rxf2 Rxf2 Nd3,Rxf2 Rxf2 Nd3 Qxf2+ Kxf2 Nd3+ Ke3 Nxc1 Rxc1+ Qd2 Qxa1
intermediate-0330,match,4,4,Bg3+ hxg3 Kf1 Nf2,Bg3+ hxg3 Kf1 Nf2
intermediate-0331,match,5,5,Nh6+ Kh8 Qxe5 Qxe5 Nxf7+,Nh6+ Kh8 Qxe5 Qxe5 Nxf7+
intermediate-0332,match,4,4,Nxa3+ Rxa3 bxa3 Qxc3,Nxa3+ Rxa3 bxa3 Qxc3
intermediate-0333,mismatch,7,12,Bxf5 Nxe4 Nxe4 Qxe4 Qxe4 Rxe4 Bh6,Bxf5 Nxe4 Nxe4 Qxe4 Qxe4 Rxe4 Bh6 Qxf5 exf5 Qe1+ Qf1 Qxc3
intermediate-0334,mismatch,1,8,Bxe1,Bxe1 Rd4 Re8 Rd4 Rxe8 Rxe8+ Qxe8 Qxd5
intermediate-0335,mismatch,4,4,Nh6+ gxh6 Kh8 Nxe4,Nh6+ gxh6 Kh8 Nxe4+
intermediate-0336,mismatch,4,22,Nxf7 Ne5 Nxe5 dxe5,Nxf7 Ne5 Nxe5 dxe5 Qd5 Qf1 Be4 b7 Bxf3 Kxf7 Ng5+ Kf8 Kg8 Qxe6+ Kh8 Nf7+ Kg8 Nh6+ Kh8 Qg8+ Rxg8 Nf7#
intermediate-0337,mismatch,3,5,Rxa2+ Qxa2 Ra6,Rxa2+ Qxa2 Ra6 Qxa6 Qxa6+
intermediate-0338,mismatch,2,13,Nxf7 Kxf7,Nxf7 Kxf7 Qc7 Qxe6 Bf8 Nxh6+ Kh8 Qg8+ Nxg8 Nf7# Qxe6+ Kf8 Bg6
intermediate-0339,mismatch,9,11,Nxf6 Bxf3 Bxf3 Nxd7 Bxe2 Nxe5 Bxd1+ Kxd1 f6,Nxf6 Bxf3 Bxf3 Nxd7 Bxe2 Nxe5 Bxd1+ Kxd1 f6 Qd6 Bxe5
intermediate-0340,mismatch,7,8,f4 Rxh8 gxf4 exf4 Bxf4 Nd4+ Ke3,f4 Rxh8 gxf4 exf4 Bxf4 Nd4+ Ke3 Nxc2+
intermediate-0341,mismatch,3,5,Nxd4 cxd4 R8xc5,Nxd4 cxd4 R8xc5 Rxc4 Rxc4
intermediate-0342,mismatch,4,5,Rd5 Qf3 Qc4 Ne5,Rd5 Qf3 Qc4 Ne5 Ne5
intermediate-0343,match,6,6,Rh3+ Kg8 Nxf6+ Kf8 gxf6 Bxf6,Rh3+ Kg8 Nxf6+ Kf8 gxf6 Bxf6
intermediate-0344,mismatch,1,17,Rxh4+,Rxh4+ Bxg2 Nxg2 h4 Rhg8 Bh3 f5 gxh4 Bxg2 Kxg2 fxe5 Qh3+ Kg1 Bxf1 Qg4+ Kf2 Qxh4+
intermediate-0345,mismatch,1,8,f6+,f6+ Rfxf6 Nh5+ Kh7 Kh8 Qh6+ Kg8 Qg7#
intermediate-0346,match,4,4,Bxf7+ Kh7 Qxf7 Nxh6+,Bxf7+ Kh7 Qxf7 Nxh6+
intermediate-0347,match,1,1,Qa5,Qa5
intermediate-0348,mismatch,9,9,Qxh7+ Rxf4 Rxf4 Kf7 Rxf4+ Qxf4 Rf1 Qxf1+ Bxf1,Qxh7+ Rxf4 Rxf4 Kf7 Rxf4+ Qxf4 Rf1 Qxf1+ Bxf1+
intermediate-0349,mismatch,3,6,Nxb7 Rxb7 Nxc4,Nxb7 Rxb7 Nxc4 Bxc6+ Bxc6+ Rd7+
intermediate-0350,mismatch,2,6,Nxd5 Qxd5,Nxd5 Qxd5 Nxd5 Rxh7+ Kxh7 Rh1#
intermediate-0351,match,6,6,Rh7+ Kxh7 Qh5+ Kg8 Kg7 Qh6+,Rh7+ Kxh7 Qh5+ Kg8 Kg7 Qh6+
intermediate-0352,mismatch,1,7,Rxd4+,Rxd4+ exd4 Bf4+ Kd1 Qxd4+ Qd3 Qxd3#
intermediate-0353,mismatch,2,4,Nxe5 Bxd1,Nxe5 Bxd1 Nxe5 Qxh5+
intermediate-0354,mismatch,1,19,Nf2,Nf2 Qb5+ c4 Nh2+ Kg1 Nf3+ Kh1 Rg8 Qxh3+ hxg3 g2# Bxg3 Rxg3 Qf8+ Kg1 Bxg3 Nxh3 gxh3 Qf3+
intermediate-0355,mismatch,2,8,Nxh7 Rxh7+,Nxh7 Rxh7+ Rxh7 Rxh7+ Kxh7 Qxc7+ Kh6 Rd8+
intermediate-0356,match,5,5,Bxg6 Nxg6 Qxe6+ Kh8 Qxg6,Bxg6 Nxg6 Qxe6+ Kh8 Qxg6
intermediate-0357,mismatch,5,11,Qxd6 Nf7+ Rxf7 Bxf7 Bd7,Qxd6 Nf7+ Rxf7 Bxf7 Bd7+ cxd6 Nf7+ Rxf7 Re8+ Rf8 Rxf8#
intermediate-0358,match,3,3,Qxg6 fxg6 Rxf1,Qxg6 fxg6 Rxf1
intermediate-0359,match,4,4,Nd5+ Ke8 exd5 Rae1+,Nd5+ Ke8 exd5 Rae1+
intermediate-0360,match,5,5,Rxf7 Qxf7 Nb6+ axb6 Bxf7,Rxf7 Qxf7 Nb6+ axb6 Bxf7
intermediate-0361,mismatch,5,8,Bh6 Nxg7 Kxg7 Bh6+ Kh8,Bh6 Nxg7 Kxg7 Bh6+ Kh8 Ne8 gxh6 Qxh6+
intermediate-0362,match,4,4,Nxc3 Bxg6 Qxc3 Bxe4,Nxc3 Bxg6 Qxc3 Bxe4
intermediate-0363,mismatch,1,8,Bd4,Bd4 Qf6+ Qxh8+ Rxd4 Bxc4+ Kf2 Rxc4 Qxc4+
intermediate-0364,mismatch,1,5,Ncd6+,Ncd6+ Bxd6 Nc7+ Rxc7 Qxa6+
intermediate-0365,mismatch,2,6,Rxf2 Bxf7+,Rxf2 Bxf7+ Rxf2 Re1+ Rf1 Rxf1#
intermediate-0366,mismatch,1,7,Rc2,Rc2 Rxb2 Rxc2 Nc4 Bxf4 exf4 Qd4
intermediate-0367,mismatch,1,14,Rg8+,Rg8+ Rh7+ Kxh7 Qxe4+ Rf5 Bxd6 Qxf3 Rxg8 Qxd4+ Kh7 Qxe4+ Rg6 Kh8 Bxd6+
intermediate-0368,match,3,3,Rxg2+ Kxg2 d4+,Rxg2+ Kxg2 d4+
intermediate-0369,mismatch,6,11,Nf7 Nc6 Bxc6 Qxe6+ Kh8 Qxc6,Nf7 Nc6 Bxc6 Qxe6+ Kh8 Qxc6+ Kxf7 Qxe6+ Kg6 Kxe6 Ng5#
intermediate-0370,mismatch,1,5,Nxf7,Nxf7 Kxf7 Qxe6+ Kf8 Qxe7+
intermediate-0371,mismatch,4,8,Qxh2+ Qxg4+ Rg2 Qxf5,Qxh2+ Qxg4+ Rg2 Qxf5 Kxh2 Nxg4+ Kg3 Nxe3
intermediate-0372,match,1,1,Nxf7,Nxf7
intermediate-0373,mismatch,1,5,Nxc4,Nxc4 Qxc4 d5 Qb5 a6
intermediate-0374,mismatch,3,21,Qf6+ Ke8 e6,Qf6+ Ke8 e6 Qf5 Qg6 exf7+ Qh8+ Ke7 Bc5+ Qxf7 Re6+ Kf8 Qxh6+ Qh8+ exf7+ Kf8 Bc5+ Rxc5 Qxd8+ Kxf7 Rb7+
intermediate-0375,mismatch,2,15,Bxd4 Rxd4,Bxd4 Rxd4 Rxd4 Nxd4 Qxh3 Bxd4 Nxd4 Qxh3 Rxd4 Nxd4 Qxh3 gxh3 Nf2+ Kg1 Nxh3#
intermediate-0376,mismatch,2,12,R8c3+ R1c3+,R8c3+ R1c3+ bxc3 Rxc3+ Bd3 Qf1+ Ke3 Rxd3+ Qxd3 Qxd3+ Kxd3 Kxf7
intermediate-0377,mismatch,1,7,Nxc6,Nxc6 Bxc6 Rxc6 Rxc6 Qxe4 dxe4 Rxd8+
intermediate-0378,mismatch,4,17,f6 Bxd7 Rxd7 Qe5,f6 Bxd7 Rxd7 Qe5 Qxb2 Qxc5 Qe8+ Bf8 Qxd7 Rdd2 Qxc5 Rh2+ Kg1 Rbg2# gxf6 Nxf6 Qb8+
intermediate-0379,mismatch,2,4,Ng3+ Kg1,Ng3+ Kg1 fxg3 Qxg3
intermediate-0380,mismatch,3,3,Rxe6 fxe6 Ng5,Rxe6 fxe6 Ng5+
intermediate-0381,mismatch,1,5,f3,f3 Nd2 Rxd6 Qxd6 Qxe8+
intermediate-0382,mismatch,4,11,Rxa7 Qd5 Kxa7 Qa3+,Rxa7 Qd5 Kxa7 Qa3+ b6+ Ka6 Rc5 Ra8 Qb4 Kb6 Qc5+
intermediate-0383,match,1,1,Bg5,Bg5
intermediate-0384,mismatch,2,23,Ra8+ Nxa8,Ra8+ Nxa8 Ne8 Bc5 Qxb7 Rxe8+ Rf8 Rxf8# Nd7 Rf8 Rxf8+ Kxf8 Qb8+ Ne8 Bc5+ Qc8+ Rf8 Qxe6+ Kh8 Nf7+ Kg8 Rxf7 Qc8+
intermediate-0385,mismatch,5,22,Bxh7+ Kxh7 Rh3+ Kg8 Qh5,Bxh7+ Kxh7 Rh3+ Kg8 Qh5 Bxg7 f6 Bh6 Qh7 Qh5 Bf8 Qg4+ Kf7 Bxf8+ f6 Bxa3 Qxa3 Qh8+ Kf7 Qxd8 Qc1+ Nf1+
intermediate-0386,mismatch,5,9,Rxd4 Qxd4 Qf8# Be3 fxe3,Rxd4 Qxd4 Qf8# Be3 fxe3 Rf1 Qxh2+ Kf1 Qh1#
intermediate-0387,match,5,5,Rxh2+ Kxh2 Nf3+ Kg2 Nxd4,Rxh2+ Kxh2 Nf3+ Kg2 Nxd4
intermediate-0388,match,4,4,Qb5+ Nd7 Qxb5 Nf6#,Qb5+ Nd7 Qxb5 Nf6#
intermediate-0389,mismatch,3,18,Rh6 gxh6 Bf6+,Rh6 gxh6 Bf6+ Nf6+ Qxh6 Rg8 Nf6 Rg7 Nxd7+ Nxf6 Kg8 Ne7+ Nxf6 Qe7 Qxh6 Qxf6 Qxf6+ Kg8+
intermediate-0390,mismatch,4,8,Rxe5 Bxd7+ Kxd7 Rxe5,Rxe5 Bxd7+ Kxd7 Rxe5 Qxh5 Bxd7+ Kxd7 Rxh5+
intermediate-0391,match,8,8,Nf5 gxh5 gxf5 Qxf5+ Rg6 Bxc6 Bxc6 Rxc6,Nf5 gxh5 gxf5 Qxf5+ Rg6 Bxc6 Bxc6 Rxc6
intermediate-0392,mismatch,7,9,Qf4+ Kg1 Nxh3+ gxh3 Qg3+ Qxf3 Qxa7,Qf4+ Kg1 Nxh3+ gxh3 Qg3+ Qxf3 Qxa7 Kh1 Qxf3+
intermediate-0393,mismatch,7,9,Qc3 Bxd4 Qxd4 Rd1 Qf6 c5 b4,Qc3 Bxd4 Qxd4 Rd1 Qf6 c5 b4 f6 bxc5
intermediate-0394,match,6,6,d6+ Kh8 Be6 Bxe6+ Qxe6 Nxe6,d6+ Kh8 Be6 Bxe6+ Qxe6 Nxe6
intermediate-0395,match,6,6,Bxg7 Nxg7 Rxh6 Rf8+ Kh7 Rh8#,Bxg7 Nxg7 Rxh6 Rf8+ Kh7 Rh8#
intermediate-0396,mismatch,2,20,Nxc5 dxc5,Nxc5 dxc5 Bd6 Rxc3 Bh4+ g3 Bd8 Qxd2+ Kxd2 Nb3+ Kc2 Nxc1 Bxa3 Rxa3 Rxc1 Rxc3 Qxc3 Ra2 Ra1+ Bxc3
intermediate-0397,match,4,4,Bh6 Nf5 gxh6 Nf6+,Bh6 Nf5 gxh6 Nf6+
intermediate-0398,mismatch,1,6,Nxf5,Nxf5 Nxh7 gxf5 Rxf5+ Nf3 Ref8
intermediate-0399,mismatch,3,7,Qxd7 Rxd7 Re8+,Qxd7 Rxd7 Re8+ Rc8+ Rd8 Kh7 Rcc8
intermediate-0400,mismatch,2,9,Qxc6 Qxc6,Qxc6 Qxc6 Rd7 Qxd7+ Nce5+ fxe5 Nxe5+ Kf6 Rxc6+
intermediate-0401,mismatch,1,22,Rexe6+,Rexe6+ Raxe6+ Qf3 Nb6 Qd6 Rd1 Qxb6 Rxb6 axb6 Nb6 Qxd1 Rxd1 Rd8 Rxd8+ Kxd8 Rxa7 Re8 fxe6 Rxe6+ Kf7 Qxe6 Nc7+
intermediate-0402,mismatch,4,16,Bxg6+ Nxg6 dxe4 Nxe7,Bxg6+ Nxg6 dxe4 Nxe7 Bxg4 Qxe4+ Bf5 Nxf5 Qxf5 Qxb7+ Kh8 Nxg6 Nxg6 Kg8 Qxg6 Re7+
intermediate-0403,match,6,6,Rxb2+ Qxb2 Rxb2 Qd1+ Qc1 Qxc1#,Rxb2+ Qxb2 Rxb2 Qd1+ Qc1 Qxc1#
intermediate-0404,mismatch,4,10,Re2 Rxe2 Rxe2 Qxe2,Re2 Rxe2 Rxe2 Qxe2 Rf5 Qh3+ Qh2 Qxf1+ Qg1 Qxg1#
intermediate-0405,match,1,1,d5,d5
intermediate-0406,match,10,10,Bxh6+ Kg8 Kxh6 Qe3+ Kg7 Qg5+ Kh8 Qh6+ Kg8 Re5,Bxh6+ Kg8 Kxh6 Qe3+ Kg7 Qg5+ Kh8 Qh6+ Kg8 Re5
intermediate-0407,match,3,3,Rxc3 bxc3 Nxe4,Rxc3 bxc3 Nxe4
intermediate-0408,mismatch,1,21,Rd8+,Rd8+ Nh6 Qc8 Rg4 Nxf7 exd4 Rd8+ Qxd8 Rxd8+ Rxd8 Nxf7 Kxf7 Rxd8 Rxd8+ Ke7 Nh6 gxh6 Qxc2 Re8+ Kd6 Nxf7+
intermediate-0409,mismatch,1,3,Nxc5,Nxc5 Nxc5 Rd6+
intermediate-0410,mismatch,3,5,Bxc5 Qxc5 b4,Bxc5 Qxc5 b4 Qxb4 Rxe5+
intermediate-0411,mismatch,1,5,Qe4,Qe4 Rxe4 Rc1+ Re1 Rxe1#
intermediate-0412,mismatch,4,13,Rxc7+ Qxe6 Bxh2 Qxg4,Rxc7+ Qxe6 Bxh2 Qxg4 Qxc7 Nc5+ Kb6 Qxc7+ Kxc7 Nxe6+ Kd7 Nxd8 Kxd8
intermediate-0413,mismatch,2,4,Nxd4 cxd4,Nxd4 cxd4 Nb7 Qxd4+
intermediate-0414,mismatch,4,21,e5 Rc8 Qd6 e5,e5 Rc8 Qd6 e5 Qf8 Rc7 Qd7 Rc6 Qe7 exf6 Qxf6 Rxd8+ Qxd8 Qxe6+ Kg7 Qxa6 f5 fxe5 Rc8 Qd6 Rc6+
intermediate-0415,match,3,3,Bxd6 Qxd6 Bxf5,Bxd6 Qxd6 Bxf5
intermediate-0416,mismatch,4,6,Rxg3 hxg3 Ng4 Nf4,Rxg3 hxg3 Ng4 Nf4 fxg4 Qxg2#
intermediate-0417,mismatch,4,13,Bxf3 Qh4+ Ke2 Bh5,Bxf3 Qh4+ Ke2 Bh5 Ng3+ gxf3 Qxf3 Rg1 dxe6 fxe6 Qf2+ Kd1 Qxg1
intermediate-0418,mismatch,1,10,Nxf5,Nxf5 e4 Nf3+ Kc2 Nxg1 Rxg1 Nxf5 Qe2 exf5 Bxd5
intermediate-0419,match,6,6,Ng6+ Kh7 Ne5+ Kh8 Be4 Bxe4+,Ng6+ Kh7 Ne5+ Kh8 Be4 Bxe4+
intermediate-0420,mismatch,1,5,f5,f5 exf5 Nxg6 fxg6 Qxe7+
intermediate-0421,mismatch,4,6,Bg6 fxg6 Nxe5 Nxe5,Bg6 fxg6 Nxe5 Nxe5 Rc7 Ba5
intermediate-0422,mismatch,4,19,Ne5 g6 Qxg6 Ne5,Ne5 g6 Qxg6 Ne5 Qxh5 Rxh5 dxe5 dxe5 g6 Qc4 Qxc4 g6 Qf1+ Rxf1 Be8 Qxg6 Qc4+ Rf7 Rh8#
intermediate-0423,mismatch,2,15,Rxc1 Qb2,Rxc1 Qb2 Nd3 Qb3 Ndf4 e5 dxe5 Qb4+ Kf2 Rd2 Qxd2 Qxd2 Nxc1 Qxc1 Qxe2#
intermediate-0424,mismatch,4,4,Rc8+ Kf7 Bxc8 Qxe5,Rc8+ Kf7 Bxc8 Qxe5+
intermediate-0425,mismatch,5,12,e6 Rdxg7 Nxg7 Rxg7 Rxd5,e6 Rdxg7 Nxg7 Rxg7 Rxd5 Rf8+ cxd5 Rf8+ Kc7 Rf7+ Rxf7 exf7
intermediate-0426,match,4,4,Nxe3 Qc3 Kxe3 Qxd4#,Nxe3 Qc3 Kxe3 Qxd4#
intermediate-0427,mismatch,2,8,Nxe6 Rxb7,Nxe6 Rxb7 fxe6 Qg4+ Kh8 Rxb7 Rc7 Rxc7
intermediate-0428,mismatch,1,3,Nc4,Nc4 bxc4 Qa4+
intermediate-0429,mismatch,2,8,Bxf5 gxf5,Bxf5 gxf5 Kh8+ Nxf5 Qh8 Nh6+ Kg7 Qg5#
intermediate-0430,mismatch,1,7,Nh2,Nh2 Qxh2 Rg4+ Qf3 Rg4+ Kh1 Rh4
intermediate-0431,match,3,3,d6 Bxd6 Nf5,d6 Bxd6 Nf5
intermediate-0432,match,3,3,Rxb8+ Kxb8 Qxe5+,Rxb8+ Kxb8 Qxe5+
intermediate-0433,mismatch,2,4,Rxf5 Rxf5,Rxf5 Rxf5 Rcf6+ Rxe8+
intermediate-0434,mismatch,1,7,Rxf3,Rxf3 gxf3 Qh3 Rg1 Qxf3+ Rg2 Qxg2#
intermediate-0435,match,3,3,b4+ Kxb4 Rb7+,b4+ Kxb4 Rb7+
intermediate-0436,match,1,1,Rxb7,Rxb7
intermediate-0437,match,4,4,Nxe5 Nxe5 Bxd1 Bxf7#,Nxe5 Nxe5 Bxd1 Bxf7#
intermediate-0438,mismatch,4,4,Nc5 Qf7 Qxd4 Ne6,Nc5 Qf7 Qxd4 Ne6+
intermediate-0439,mismatch,1,13,f4,f4 gxf4 Nc2 Nh4 Nh2+ Kg1 Qf5 Qe2 Qb5 gxh4 Qe2+ Kg1 Qxd3
intermediate-0440,mismatch,1,8,Nd4,Nd4 exd4 Qd1 Rc1 Rc2 Nc4 Qd1 Rxb2
intermediate-0441,mismatch,1,8,Ne4,Ne4 Qg6 Qe7 b7 Nxd6 Nd4 Qe5 Nxd6
intermediate-0442,mismatch,1,11,Bxf7+,Bxf7+ Qg5+ Kh8 Qf6+ Kg8 Rxd8 Rxd8 Bxf7+ Qxf7 Rxf7 Qg5+
intermediate-0443,match,7,7,Nf5 Bxf5 Rxd1 Nxe7+ Kf7 Rxd1 Kxe7,Nf5 Bxf5 Rxd1 Nxe7+ Kf7 Rxd1 Kxe7
intermediate-0444,match,1,1,Rxd5,Rxd5
intermediate-0445,mismatch,2,11,Rxb2 Kxb2,Rxb2 Kxb2 Qe4 Qb4+ Kc1 Qxc3+ Qc2 Qa1+ Rf1+ Qb1 Rf1+
intermediate-0446,mismatch,2,7,Bxf3 Be1,Bxf3 Be1 gxf3 h3 Bxg2 Bxh4 e5
intermediate-0447,mismatch,3,14,Bxg2+ Kxg2 Qg4+,Bxg2+ Kxg2 Qg4+ Qf2+ Kh3 Qf3+ Kh4 Bf2+ g5+ Kf1 Qf3+ Qxd1+ Ke1 Qf2#
intermediate-0448,mismatch,2,7,Ne7+ Rxe7,Ne7+ Rxe7 Kf8 Qxf7+ Nxc6+ Kxf7 Nxc6+
intermediate-0449,mismatch,3,7,Bd5+ cxd5 Rxd5,Bd5+ cxd5 Rxd5 Bf5 Kf7 Rxd6 Rxd6
intermediate-0450,mismatch,1,4,f4,f4 gxf4 Qxf4 Bxh3
intermediate-0451,mismatch,1,14,Rxf6+,Rxf6+ Kxf6 Rf1+ Qg5+ Kf7 Qf4+ Ke7 Qc7+ Bd7 Bg5+ Bf5 Ke7 Bg5# Qd7
intermediate-0452,match,3,3,Bxf5 Rxh3 Bxh3,Bxf5 Rxh3 Bxh3
intermediate-0453,match,6,6,Rxf4 Kxf4 Rxf4 Qe1+ Rf2 f4+,Rxf4 Kxf4 Rxf4 Qe1+ Rf2 f4+
intermediate-0454,mismatch,2,8,Rxf2 Rxf2,Rxf2 Rxf2 Bxe4 Qxd4 e3 Re2 exd2 Rxe5
intermediate-0455,mismatch,6,6,d6 Qb8 Bxd6 Bxb7 Qxb7 Qxd6,d6 Qb8 Bxd6 Bxb7 Qxb7 Qxd6+
intermediate-0456,match,5,5,Bxd4 exd4 Qxd4+ Kh2 Qxa1,Bxd4 exd4 Qxd4+ Kh2 Qxa1
intermediate-0457,mismatch,3,12,Nxf7 Kxf7 Qf3+,Nxf7 Kxf7 Qf3+ Ke7 Kg6 Bd3+ Bf5 Qxf5# Kg8 Rxe6 Qxe6 Qxd5
intermediate-0458,match,6,6,Bxd5 exd5 Qxd5+ Kf8 Ke8 Qxh5+,Bxd5 exd5 Qxd5+ Kf8 Ke8 Qxh5+
intermediate-0459,mismatch,2,5,Rxf7 Re8,Rxf7 Re8 Qe7 Rxf7 Qc8+
intermediate-0460,match,4,4,Re8+ Bf8 Kh7 Qd3+,Re8+ Bf8 Kh7 Qd3+
intermediate-0461,mismatch,3,5,Rdxe3 Rxe3 Rxh3+,Rdxe3 Rxe3 Rxh3+ Rxh3 Qxf2
intermediate-0462,mismatch,3,3,Re6 Bxe6 Nxe6,Re6 Bxe6 Nxe6+
intermediate-0463,mismatch,1,4,Nxf5,Nxf5 exf5 Rxf5 Bxe4+
intermediate-0464,match,5,5,Ne2+ Kh1 Ng3+ hxg3 Qxf1+,Ne2+ Kh1 Ng3+ hxg3 Qxf1+
intermediate-0465,match,4,4,Rxd3 Rxd3 Qxd3 Qxg2#,Rxd3 Rxd3 Qxd3 Qxg2#
intermediate-0466,mismatch,2,8,Ba3 bxa3,Ba3 bxa3 Qa4 Bxb2+ Rxd7 Bxb2+ Bxb2 Qxb2+
intermediate-0467,mismatch,8,14,Nf7 Qe8 Kxf7 Qh5+ Ke7 Rxe6+ Kxe6 Re1+,Nf7 Qe8 Kxf7 Qh5+ Ke7 Rxe6+ Kxe6 Re1+ Kd6 Qc5+ Kd7 Qf5+ Kd6 Qe6#
intermediate-0468,mismatch,2,6,Rxh7 Kxh7,Rxh7 Kxh7 f5+ Qh5+ Kg8 Bxg6+
intermediate-0469,mismatch,3,3,Rxa2 Bxa2 Qa4,Rxa2 Bxa2 Qa4+
intermediate-0470,mismatch,1,8,Rxc5,Rxc5 Bc2 Qe6 Bf5 Qd6 Bxg5 Bxc5 Bxd8
intermediate-0471,mismatch,2,12,Rg3+ Rd3,Rg3+ Rd3 Rxd3 Qc2+ Kg1 Qxd3 Qxe5 Kxg3 Qe3+ Qc3+ Qf3 Qxd2
intermediate-0472,mismatch,4,4,Nxb5 Ba6 cxb5 Bd5,Nxb5 Ba6 cxb5 Bd5+
intermediate-0473,match,9,9,Qf7+ Rxf7 Rxf7+ Kd8 Rd1+ Kc8 Rxc7+ Kxc7 Rd7+,Qf7+ Rxf7 Rxf7+ Kd8 Rd1+ Kc8 Rxc7+ Kxc7 Rd7+
intermediate-0474,mismatch,3,6,Be4+ Kh8 Nxe4,Be4+ Kh8 Nxe4 Qf5+ Kg8 Qxc8+
intermediate-0475,mismatch,1,3,Nc4,Nc4 Nxc4 Bxd5+
intermediate-0476,mismatch,2,16,Bxf7+ Rc1,Bxf7+ Rc1 Qg3+ Rc8 Bxf7+ Re5 Bd5 fxg3 Bxd4+ Kg2 Re2+ Kf3 Re3+ Qxf7 Kxf7 Qd5+
intermediate-0477,match,6,6,Rxf3+ Qxf3 gxf3 Bh3+ Rg2 Qxg2#,Rxf3+ Qxf3 gxf3 Bh3+ Rg2 Qxg2#
intermediate-0478,mismatch,5,7,Ng3 Nxg3 Bxf4+ Kc2 Bxg3,Ng3 Nxg3 Bxf4+ Kc2 Bxg3 Bxh7 g6
intermediate-0479,mismatch,3,7,Rxb2 Rxb2 Qe5,Rxb2 Rxb2 Qe5 Rfb1 Qxh2+ Kf1 Bf4
intermediate-0480,mismatch,5,7,Bg6+ Ke6 Bf7+ Kd6 Qd8+,Bg6+ Ke6 Bf7+ Kd6 Qd8+ Kc6 Be8+
intermediate-0481,mismatch,2,11,Bc5 Bb8,Bc5 Bb8 Ke6 a6 Bxe4 a7 c5 Bd3 dxc5 a6+ Bxd6
intermediate-0482,mismatch,3,10,Bxf2+ Qxe5 Nxe5,Bxf2+ Qxe5 Nxe5 Bxf2+ Kh2 Bxe1 Nxf7+ Kf1 Kxf2 Qxe5
intermediate-0483,match,4,4,Rxc1 h3 Rxc1 Nf3+,Rxc1 h3 Rxc1 Nf3+
intermediate-0484,mismatch,10,17,Bxd4 exd4 Qa4+ b5 Ke7 Qxd4 Bxb5+ axb5 Qxb5+ Qd7,Bxd4 exd4 Qa4+ b5 Ke7 Qxd4 Bxb5+ axb5 Qxb5+ Qd7 Nxd5 Qxd5 Qxd5 Nxd5 Ra5 Qxd7+ Nxd5
intermediate-0485,match,6,6,Nxa3 Nc7 Bxa3 Nb5 Bc1 Nxc3,Nxa3 Nc7 Bxa3 Nb5 Bc1 Nxc3
intermediate-0486,match,3,3,Rxe6 fxe6 Qxg6+,Rxe6 fxe6 Qxg6+
intermediate-0487,match,6,6,Bxg6+ hxg6 Qxg6+ Kd8 Kf8 Qf7#,Bxg6+ hxg6 Qxg6+ Kd8 Kf8 Qf7#
intermediate-0488,mismatch,3,7,Nxe4 Rxc2 Qxc2,Nxe4 Rxc2 Qxc2+ fxe4 Qxc8+ Rxc8 Rxc8+
intermediate-0489,mismatch,1,9,Rxf4,Rxf4 exf3 Qxg6 hxg6 Rc1 fxe2+ Nxe2 gxf4 Qg3
intermediate-0490,mismatch,1,3,Nxd5,Nxd5 Bxe7 Nxe7
intermediate-0491,match,4,4,Rxd7 Bxd7 Qxd7 Qxf8#,Rxd7 Bxd7 Qxd7 Qxf8#
intermediate-0492,mismatch,1,3,Nf5,Nf5 gxf5 Qg5+
intermediate-0493,mismatch,7,13,Rxg4 Qxg4 Bh3 Qf3 Qh4 Be6+ Rf1,Rxg4 Qxg4 Bh3 Qf3 Qh4 Be6+ Rf1 Nxg3 Rxf3 Rxf3 Nxg3 Rxg3 Be6+
intermediate-0494,mismatch,1,26,e4,e4 Nxe5 dxe4 Qf7+ Kh8 Kh6 Bxf5+ Nxg6+ Nxb6 Nxb6 Qxb7+ hxg6 Qxg6+ Bxf5 Rc3 fxe4 Nxd7 Bxd7 Nxd7 Nxd7 Qxd7 Nxb6+ Nxd7 Bxd7 Qxd7 Nxb6
intermediate-0495,mismatch,1,10,Nxg6,Nxg6 Ng5+ hxg5 Nxg6 Qe8 Nxf8+ Kxg6 Bh5+ Kxh5 Ng3+
intermediate-0496,mismatch,11,15,Bxa3 Qxe2 Bxf8 Kxf8 Qxb6 Rxa3 Qxe2 Qxb6 Rab8 Qd6 Qxf1+,Bxa3 Qxe2 Bxf8 Kxf8 Qxb6 Rxa3 Qxe2 Qxb6 Rab8 Qd6 Qxf1+ Kxf1 Rb1+ Ke2 Rc2#
intermediate-0497,mismatch,5,13,Be6+ Nxe6 Qxe6+ Kh8 Qh3+,Be6+ Nxe6 Qxe6+ Kh8 Qh3+ Rxf6 Kg8 Rxf6 Bxf6 Qh7+ Re1 Kf8 Re1
intermediate-0498,mismatch,5,9,Rxf2 Rxf2 Kxf2 Qd2+ Be2,Rxf2 Rxf2 Kxf2 Qd2+ Be2 Bd4+ f5 Qf4 Bd4+
intermediate-0499,match,3,3,Qxg2+ Qxg2 Rxe2,Qxg2+ Qxg2 Rxe2
intermediate-0500,match,6,6,Rxf8+ Qxf8 Kxf8 Qb8+ Qe8 Qxe8#,Rxf8+ Qxf8 Kxf8 Qb8+ Qe8 Qxe8#
intermediate-0501,match,4,4,Rg2 Qe4 Qxg2 Qh5#,Rg2 Qe4 Qxg2 Qh5#
intermediate-0502,mismatch,3,12,Nxd4+ exd4 Rc2+,Nxd4+ exd4 Rc2+ Qxd4 Rxc8 Qxf4 Rhc1 Bd2 Rxc2 Qxc2+ Bd2 Qxb2
intermediate-0503,match,3,3,Rxh2+ Kxh2 Rh8+,Rxh2+ Kxh2 Rh8+
intermediate-0504,match,3,3,Qxg3+ Kxg3 Ne4+,Qxg3+ Kxg3 Ne4+
intermediate-0505,match,6,6,Nf5 Ree8 gxf5 Rg3+ Ng7 Qf6,Nf5 Ree8 gxf5 Rg3+ Ng7 Qf6
intermediate-0506,mismatch,1,3,Nxe5,Nxe5 fxe5 Qxe4+
intermediate-0507,match,6,6,f7+ Rxf7 Qd8+ Kh7 Rf8 Bxd5+,f7+ Rxf7 Qd8+ Kh7 Rf8 Bxd5+
intermediate-0508,match,8,8,Qa4+ Bxd5 Nxb3 Bxb3 Bxg2 Qd7 b5 Bxd5,Qa4+ Bxd5 Nxb3 Bxb3 Bxg2 Qd7 b5 Bxd5
intermediate-0509,match,4,4,Nxf6 Kf7 Rxd1 Nd5+,Nxf6 Kf7 Rxd1 Nd5+
intermediate-0510,mismatch,9,16,Rxd5 Qg1+ Rd1 Qe3 Qxe3+ Bxe3 Re1 Rxd5 Rxe3,Rxd5 Qg1+ Rd1 Qe3 Qxe3+ Bxe3 Re1 Rxd5 Rxe3 Rxd5 Qg1+ Kc2 Qd1 Qxd1+ Rxd1 Rxd1+
intermediate-0511,match,7,7,Rxa6+ bxa6 Qb6+ Ka8 Qxa6+ Ra7 Qxc8#,Rxa6+ bxa6 Qb6+ Ka8 Qxa6+ Ra7 Qxc8#
intermediate-0512,mismatch,2,4,Nxd4 Qxd4,Nxd4 Qxd4 Rd2 Bc5
intermediate-0513,match,6,6,Qh3+ Kg1 d2 Nxg6+ Qxd2 Rf1#,Qh3+ Kg1 d2 Nxg6+ Qxd2 Rf1#
intermediate-0514,mismatch,2,4,Rxf7 Kxf7,Rxf7 Kxf7 h6 Qc4+
intermediate-0515,mismatch,1,10,Nxf4,Nxf4 Qxf4 bxc4 Nd3 Kg3 Qh1+ Kg3 Qg1+ Kh4 g5+
intermediate-0516,mismatch,2,7,Rxa6 Rxa6,Rxa6 Rxa6 Rc8+ Nxb5 Nc7 cxb5 Qc8#
intermediate-0517,mismatch,3,10,Rxc4 Qxc4 Ne3,Rxc4 Qxc4 Ne3 Qf1 fxe3 Bxe3+ Kf1 Qf3+ Ke1 Qf2#
intermediate-0518,mismatch,6,16,Bxf2+ Nxe4 Rxe4 Bxf2+ Kg2 Rc3,Bxf2+ Nxe4 Rxe4 Bxf2+ Kg2 Rc3 Be1 Rxe1 Qxc3 d1=Q Rg4 g6 Rc4 Rxf2 Kg2 Nxe4
intermediate-0519,match,5,5,c6 bxc6 b6 Bc8 a6,c6 bxc6 b6 Bc8 a6
intermediate-0520,mismatch,2,8,Bxc1 Rxc1,Bxc1 Rxc1 Ng5 Qd4 Nxe6 Rxc1 Qa7 Qd7
intermediate-0521,mismatch,6,6,Nc5 dxc5 Rc7 Nxd7 Rxd7 Ra8,Nc5 dxc5 Rc7 Nxd7 Rxd7 Ra8+
intermediate-0522,mismatch,1,5,Nf5,Nf5 gxf5 Qg5+ Bg7 Qxg7#
intermediate-0523,match,4,4,Rxe6+ Kxe6 fxe6 Qxg7#,Rxe6+ Kxe6 fxe6 Qxg7#
intermediate-0524,mismatch,2,5,Ne3 fxe3,Ne3 fxe3 Rc1 Nxf1 Bxe3+
intermediate-0525,match,6,6,Rh8+ Kf7 Kxh8 Qh6+ Kg8 Qg7#,Rh8+ Kf7 Kxh8 Qh6+ Kg8 Qg7#
intermediate-0526,match,4,4,Nxg6+ Qxg6 hxg6 Rh3#,Nxg6+ Qxg6 hxg6 Rh3#
intermediate-0527,mismatch,3,6,Rxc2 Qxc2 Rxe5,Rxc2 Qxc2 Rxe5 Qxe5 Qxc2 Qxa1
intermediate-0528,mismatch,2,4,Nxb5 Qxb5,Nxb5 Qxb5 c6+ Ba4
intermediate-0529,mismatch,3,8,Rxf6 Kxf6 Qe7,Rxf6 Kxf6 Qe7 Qh6+ Kf7 Qxh7+ Kf6 Qxb7+
intermediate-0530,mismatch,3,16,Nxg3 hxg3 Rg4,Nxg3 hxg3 Rg4 Ne4 Rxg5+ Nxg5 Nc4 Re4 Nd6 Rxa4 Rxg3+ Kf1 Rexe3 Rxe3 Rxe3 Rxa7
intermediate-0531,mismatch,3,3,Bh3 Qxh3 Bxd6,Bh3 Qxh3 Bxd6+
intermediate-0532,mismatch,1,9,c6,c6 c5 exf4+ Kxf4 bxc6 c7 Nc5+ Kd6 Nxb3+
intermediate-0533,mismatch,1,10,Rh1+,Rh1+ Kxh1 Kg3 g6 Rd3+ Qd1+ Kh2 Qxg4 hxg4 gxh6
intermediate-0534,mismatch,1,5,Nxh7,Nxh7 Nxh7 Qxe7 Rxe7 Rxc8+
intermediate-0535,mismatch,6,11,Qxf7 Nxf7+ Kg8 Nh6+ gxh6 Qxh6,Qxf7 Nxf7+ Kg8 Nh6+ gxh6 Qxh6 Qa1+ Rxf7 Rxd8+ Rf8 Rxf8#
intermediate-0536,match,10,10,Qf5 Kf8 Rxg5 Qd3 Rd1 Kg1 Qd1 Qxf1+ Qxf1 Rcb5,Qf5 Kf8 Rxg5 Qd3 Rd1 Kg1 Qd1 Qxf1+ Qxf1 Rcb5
intermediate-0537,match,3,3,Qxb2 Bxb2 Rd2+,Qxb2 Bxb2 Rd2+
intermediate-0538,mismatch,3,14,Rxf6+ Kxf6 gxf6,Rxf6+ Kxf6 gxf6 Bd5+ Kf8 Ne6+ Kf7 Ke7 d5 Nd4+ Kd6 Nxc2 Kxd5 Rxe8+
intermediate-0539,mismatch,3,6,e4 exd4 Nxd4,e4 exd4 Nxd4 Bxe4 Nxe4 Rxe4+
intermediate-0540,match,4,4,Rxg3 Kxg3 Qxa5 Qh4,Rxg3 Kxg3 Qxa5 Qh4
intermediate-0541,mismatch,2,6,Qe3 Ke1,Qe3 Ke1 Rxe3 Rxd1+ Kg2 Rg1#
intermediate-0542,mismatch,1,4,Bf8,Bf8 Kxf8 Qxf8 Qh7#
intermediate-0543,mismatch,3,3,Nf7+ Rxf7 Rg5,Nf7+ Rxf7 Rg5+
intermediate-0544,match,5,5,Nxg3 fxg3 Qxg3+ Kg1 Qh2+,Nxg3 fxg3 Qxg3+ Kg1 Qh2+
intermediate-0545,mismatch,3,6,Nxh3+ gxh3 Rxh3,Nxh3+ gxh3 Rxh3 Qd4 Rd3 h5
intermediate-0546,mismatch,1,9,Rh8,Rh8 g2 Qxc6 Rxc6 Rh8 Qxb7 Rxg8+ Ke7 Bxb7+
intermediate-0547,mismatch,3,12,Nxe6 fxe6 Qg4,Nxe6 fxe6 Qg4 Nf6 Nde5 Qxe6+ Kh8 Nxb6 Nce5 Qxe6+ Kf8 f4+
intermediate-0548,mismatch,2,8,Nxb5 Rxb5,Nxb5 Rxb5 Ba6 Rxc8 Qxc8 Nxe7+ Kh8 Nxc8+
intermediate-0549,match,7,7,Qf1+ Kg3 h4+ Kg4 Kxh4 Qxf4+ g4,Qf1+ Kg3 h4+ Kg4 Kxh4 Qxf4+ g4
intermediate-0550,mismatch,3,5,h6 Bd8 Be3,h6 Bd8 Be3 Bh4 Bd8
intermediate-0551,mismatch,1,9,Bxg7,Bxg7 Kxg7 d5 dxc6 Qd4+ Kg8 Qxg4 Kg8 dxc6
intermediate-0552,mismatch,2,20,Bxf6 Bxg2,Bxf6 Bxg2 h4 Qh6 Qg6 Qxg2+ Kxg2+ Rxf6 Bxg2 h4 Kh2 Re3 Bxh3 Rf5 Rxf5 Qxf5 Qxf5 Nxf5 Bxh3 Qg4
intermediate-0553,match,5,5,gxf7+ Kxf7 Nxe6 Rxe6 Bxd5,gxf7+ Kxf7 Nxe6 Rxe6 Bxd5
intermediate-0554,match,4,4,f4 Qxf4 gxf4 Rg6+,f4 Qxf4 gxf4 Rg6+
intermediate-0555,match,5,5,Qxf6+ Qxf6 Rd7+ Kh6 Rxf6,Qxf6+ Qxf6 Rd7+ Kh6 Rxf6
intermediate-0556,match,4,4,Bxh7 Rxh7 Bxh7 Ng6+,Bxh7 Rxh7 Bxh7 Ng6+
intermediate-0557,mismatch,3,9,Rxf8+ Kxf8 Qc5+,Rxf8+ Kxf8 Qc5+ Kg8 Qc8+ Kh7 Qf5+ Kg8 Qxd3+
intermediate-0558,mismatch,1,7,Bxh3,Bxh3 gxh3 Bxd4 Bxd4 Nf3+ Kg2 Nxd4
intermediate-0559,match,6,6,Nxb7 Bxc2 Kxb7 Rc7+ Kb6 Rxe7,Nxb7 Bxc2 Kxb7 Rc7+ Kb6 Rxe7
intermediate-0560,mismatch,3,3,Rxe7 Rxe7 Qxf6,Rxe7 Rxe7 Qxf6+
intermediate-0561,mismatch,3,7,Nxf7 Rxf7 Kxf7,Nxf7 Rxf7 Kxf7 Ng5+ Kg8 Nxe6 Bxe6+
intermediate-0562,mismatch,4,7,Rxf6 exf6 Qxh7+ Kf8,Rxf6 exf6 Qxh7+ Kf8 Re1 Be6 Rxe6
intermediate-0563,mismatch,7,10,g4+ Kxe4 Kxg4 fxg5+ Nf2+ Kxf4 Rg1,g4+ Kxe4 Kxg4 fxg5+ Nf2+ Kxf4 Rg1 Bd2# e4 Nh3#
intermediate-0564,mismatch,7,7,Rc8+ Kh7 Rh8+ Kxh8 Ng6+ Kh7 Nxh4,Rc8+ Kh7 Rh8+ Kxh8 Ng6+ Kh7 Nxh4+
intermediate-0565,mismatch,3,3,Nxe5 Bxe5 Qh5,Nxe5 Bxe5 Qh5+
intermediate-0566,mismatch,5,17,Nf6+ Rxg7+ Kxg7 Rg1+ Bg6,Nf6+ Rxg7+ Kxg7 Rg1+ Bg6 Qc7+ Qf7 Qc3+ Kh7 Nf6+ Kh8 Nh5+ Kh7 Nf6+ Kf7 Kf8 Qc5+
intermediate-0567,mismatch,4,18,Nf6+ Rf6 gxf6 Nxh6+,Nf6+ Rf6 gxf6 Nxh6+ Qh4 Nxf6 gxf6 Bxh7+ Rg4+ exf6 Nxf6 Rc7 fxg7 Rxf6 Qg7 Rxh6 f5 Qh4+
intermediate-0568,mismatch,4,9,Ng3+ Kg2 Nxg3 fxg3,Ng3+ Kg2 Nxg3 fxg3 Rxh2+ Kxh2 fxg3+ Qxg5 Rxh2#
intermediate-0569,mismatch,2,6,Nxb5 Qa5,Nxb5 Qa5 cxb5 Bxf7+ Kxf7 Rxc7+
intermediate-0570,mismatch,1,3,c6,c6 dxc6 Qb6
intermediate-0571,match,5,5,Bg2+ Kxg2 Rf2+ Kxf2 Qxh2+,Bg2+ Kxg2 Rf2+ Kxf2 Qxh2+
intermediate-0572,mismatch,11,15,Re1 Ne1 Rxe7 Nxf3 Rxe8+ Rxe8 gxf3 Re2 Qd5 Rxe7 Rxf1+,Re1 Ne1 Rxe7 Nxf3 Rxe8+ Rxe8 gxf3 Re2 Qd5 Rxe7 Rxf1+ R8xe7 Qf8# Qxf1 Rxe7
intermediate-0573,mismatch,2,6,Nxf2 Kxf2,Nxf2 Kxf2 Nf3 Bxc3 bxc3 Nxe4
intermediate-0574,mismatch,3,7,Nxe2+ Rxe2 Qxc1+,Nxe2+ Rxe2 Qxc1+ Re1 Bxc3 Rxc1 Bd4
intermediate-0575,match,1,1,Ne4,Ne4
intermediate-0576,match,5,5,Nxf7 Kxf7 Qxe6+ Kf8 Bc1,Nxf7 Kxf7 Qxe6+ Kf8 Bc1
intermediate-0577,mismatch,4,11,Rb7+ Kxb7 Qd7+ Kb8,Rb7+ Kxb7 Qd7+ Kb8 e8=Q+ Rxe8 Qxe8+ Kb7 Qd7+ Kb8 Qxc6+
intermediate-0578,mismatch,1,7,g6,g6 fxg6 g4 gxf5 gxf5 Kh8 f5
intermediate-0579,mismatch,3,14,Bxf7+ Kxf7 Qb3+,Bxf7+ Kxf7 Qb3+ Ng5+ Kf8 Kg6 Nh4+ Kh5 Qf3+ Kxh4 Qg3+ Kh5 Qg5# Ng5
intermediate-0580,mismatch,5,5,Rxe6 fxe6 Nxe6+ Kg8 Rd3,Rxe6 fxe6 Nxe6+ Kg8 Rd3+
intermediate-0581,match,4,4,Rxf6 gxf6 Re1+ Rf1,Rxf6 gxf6 Re1+ Rf1
intermediate-0582,mismatch,2,6,Bxf7+ Kf8,Bxf7+ Kf8 Kxf7 Qb3+ Kf8 Qxd3
intermediate-0583,mismatch,3,23,Nxh3+ Qb6 e5,Nxh3+ Qb6 e5 Qxf2 Qxc6 e5 Ng4+ Nd3+ Be3+ Kh1 Nxe5 Rxe5 Nxe5 Bxe5 Qxa8 Bb7 Ba5 dxe5 Rf1 Qe4 Kh2 gxh3 Qb6+
intermediate-0584,match,4,4,Nxf7 Rxf7 Kxf7 Bxg6+,Nxf7 Rxf7 Kxf7 Bxg6+
intermediate-0585,mismatch,1,6,Bd7,Bd7 Re6 Qxd7 Nf6+ Kg7 Nxd7+
intermediate-0586,mismatch,2,37,e7 Nd5,e7 Nd5 Bxd5 Qxd5 Qd8 e7 Bxg2+ Qxg2 Kxg2 Qb7+ Kg1 Qxe7 Re8 Qd5+ Kg7 Rxh7+ Kxh7 Qf7+ Kh6 Qxe8 Qf2 Re8 Nd5 Bxd5 Qxd5+ Kg7 Rxh7+ Kxh7 Qf7+ Kh6 Qxe8 Qf2 Qh8+ Kg5 h4+ Kg4 e8=Q+
intermediate-0587,mismatch,1,5,Bxe5,Bxe5 Nh6+ Rxe5 fxe5 exd5
intermediate-0588,mismatch,2,6,Rxf3 Rc7,Rxf3 Rc7 Kxf3 Ne5+ Kf4 Nxc6
intermediate-0589,mismatch,2,19,Bxf7+ Rxb7,Bxf7+ Rxb7 Qxc4 Rxd7 Bxd7 Qxd7+ Kf8 Qd6+ Ke8 Bxe5 Bxe5 Qxe5+ Kf8 Qxh8 Qxc2 Kxf7 Ng5+ Ke8 Qe6+
intermediate-0590,match,3,3,Ng4 Nxg4 Qxh7+,Ng4 Nxg4 Qxh7+
intermediate-0591,match,1,1,e5,e5
intermediate-0592,mismatch,3,8,Bxa4 Rda8 Bxb5,Bxa4 Rda8 Bxb5 Bxb5 Rxa3 Rxa3 Rxa3 Bxc4+
intermediate-0593,mismatch,7,9,Rxc4 exf5 Bxf7+ Kxf7 Qb3+ Kf8 Qxa4,Rxc4 exf5 Bxf7+ Kxf7 Qb3+ Kf8 Qxa4 Rxc4 exf5
intermediate-0594,mismatch,6,8,Bxg7 Bxg7 Rxg7+ Qxg7 Qd5+ Qxf5,Bxg7 Bxg7 Rxg7+ Qxg7 Qd5+ Qxf5 Kh7 Qxa8
intermediate-0595,match,1,1,b6,b6
intermediate-0596,mismatch,7,7,c7 Bxc4 Re8 Rc8 Rb8 Nb6 Be6,c7 Bxc4 Re8 Rc8 Rb8 Nb6 Be6+
intermediate-0597,mismatch,2,7,Bxh7+ Kxh7,Bxh7+ Kxh7 Kf8 Be4 Qc2+ Kg8 dxe6
intermediate-0598,match,4,4,Rxg7+ Kxg7 Rxg7 Qe8#,Rxg7+ Kxg7 Rxg7 Qe8#
intermediate-0599,mismatch,2,8,Nxg4 fxg4,Nxg4 fxg4 Ne4 Ne5 Qf2+ Kh3 Kh1 Qf3#
intermediate-0600,match,6,6,Qxe5 dxe5 exf7+ Kd7 Kf8 Bh6#,Qxe5 dxe5 exf7+ Kd7 Kf8 Bh6#
intermediate-0601,mismatch,1,7,Qe8,Qe8 Rd8 Raf7 Kg8 Bd5+ Kh8 Bc4+
intermediate-0602,mismatch,3,9,Bh3 Nfxd4 O-O,Bh3 Nfxd4 Nxf3+ Bxf3 Bxf1 Bxh3 Nxf3+ Kf1 Nxd2+
intermediate-0603,mismatch,1,11,Ne6+,Ne6+ dxe6 Qxe6 fxe6 Rxf6 Rf7 Rxf7 Nxf7 Qxf8+ Kc7 Qxf7+
intermediate-0604,mismatch,5,10,Rxc3+ Kxc3 Bb4+ Rc8+ Kd2,Rxc3+ Kxc3 Bb4+ Rc8+ Kd2+ Kxb4 Kc4 Qa6+ Kxb4 Qxe2
intermediate-0605,match,4,4,Bxh7 Kxh7 f5 Qh4,Bxh7 Kxh7 f5 Qh4
intermediate-0606,mismatch,7,10,Nxg7 Nxg7 Qg3 Qg4 Bf6 Nf5 Be6,Nxg7 Nxg7 Qg3 Qg4 Bf6 Nf5 Be6 Bg5 Bf6 Nf5+
intermediate-0607,match,6,6,Rxf7 Rxf7 Kxf7 Bxg6+ Kg8 Qh7#,Rxf7 Rxf7 Kxf7 Bxg6+ Kg8 Qh7#
intermediate-0608,match,6,6,Rxf7 Rxf7 Qxf7 Bd5 Qxd5 Qg7#,Rxf7 Rxf7 Qxf7 Bd5 Qxd5 Qg7#
intermediate-0609,mismatch,1,6,Nh4,Nh4 gxh4 Bxf3 Nxf3+ Kg2 Nxd2
intermediate-0610,match,6,6,Nxh6+ gxh6 Qg6+ Kh8 Bg7 Bxf7+,Nxh6+ gxh6 Qg6+ Kh8 Bg7 Bxf7+
intermediate-0611,mismatch,1,7,Nxh6,Nxh6 Kxh6 Qh4+ Kg6 Qg4+ Kh6 Qxf3+
intermediate-0612,mismatch,1,6,Rxg3+,Rxg3+ fxg3 Re2+ Kh1 Kg1 Nf3+
intermediate-0613,match,8,8,Rg5+ Kf7 fxg5 Qxg5+ Kh8 Qh6+ Kg8 Qh7#,Rg5+ Kf7 fxg5 Qxg5+ Kh8 Qh6+ Kg8 Qh7#
intermediate-0614,mismatch,1,10,Bc7,Bc7 Qxc7 Rh8+ Qh6+ Kxh8 Qh6+ Kg8 Qh7+ Kf8 Qh8#
intermediate-0615,mismatch,3,4,Nxe4 Qxe4 f3,Nxe4 Qxe4 f3 d5
intermediate-0616,mismatch,1,7,Ng6+,Ng6+ hxg6 Qd8+ Kg7 Rxg6+ Kh7 Qg8#
intermediate-0617,match,4,4,Bxh6 Bxd5 gxh6 Qg6+,Bxh6 Bxd5 gxh6 Qg6+
intermediate-0618,mismatch,4,4,Nxe6 fxe6 Rxd2 Bxd2,Nxe6 fxe6 Rxd2 Bxd2+
intermediate-0619,match,4,4,Rxf3 Nxf3 Kxf3 Qd3+,Rxf3 Nxf3 Kxf3 Qd3+
intermediate-0620,mismatch,1,5,c5,c5 Ne6 Nxc5 Qxc5 Ne6#
intermediate-0621,mismatch,4,4,e5 Nd5 Bxg2 exf6,e5 Nd5 Bxg2 exf6+
intermediate-0622,mismatch,3,5,Rxf5 gxf5 Nce4,Rxf5 gxf5 Nce4 fxe4 Rf1
intermediate-0623,mismatch,4,15,Ncxe5 Rxa8 Nxa8 Ncxe5,Ncxe5 Rxa8 Nxa8 Ncxe5 dxe5 Qxe5+ Kf8 d6 Qd1+ dxe5 Qxe5+ Nf6 Kf7 Ng5# Qe7+
intermediate-0624,mismatch,4,8,Nxf7 Bxe6 fxe6 Nxe6,Nxf7 Bxe6 fxe6 Nxe6 Kxf7 Qc7 Bxe6 Rxe6
intermediate-0625,mismatch,1,8,Nbxd5,Nbxd5 Nfxd5 exd5 Nxd5 Qd6 Nxf6+ Qxf6 Qxd7+
intermediate-0626,mismatch,1,5,Qe5+,Qe5+ Rg7 Rd8+ Rxd8 Qxc3+
intermediate-0627,mismatch,3,8,f6 Bxf6 Nxf6,f6 Bxf6 Nxf6 Nd5 Qxa2 Nxe7+ Kh8 Bxf6
intermediate-0628,match,4,4,Nxb3 Bb2 Bxb3 Bxf3+,Nxb3 Bb2 Bxb3 Bxf3+
intermediate-0629,mismatch,1,3,Qxg8,Qxg8 Nxg8 h7+
intermediate-0630,mismatch,3,4,Nb4 Qb3 cxb4,Nb4 Qb3 cxb4 Rac8
intermediate-0631,mismatch,1,5,Rab8,Rab8 Ne4 Rxd5 Rc2 Nxg3+
intermediate-0632,mismatch,1,11,Rxe5+,Rxe5+ g6 Kf1 Kd1 Qxf2 Qxb3 Qe2+ Kc1 Rc5+ Qc4 Rxc4+
intermediate-0633,mismatch,7,13,Rxa2 Qxa2 b3 Qb2 bxc2 Qxc2 Kg1,Rxa2 Qxa2 b3 Qb2 bxc2 Qxc2 Kg1 Qxd4 cxd4 c1=Q+ Re1 Qd3 Qxd4
intermediate-0634,mismatch,6,16,Rxd7 Nfe5 Bxe5 Nxe5 Rxc2 Bxc2,Rxd7 Nfe5 Bxe5 Nxe5 Rxc2 Bxc2 Qc7 Nxd7 Rd8 Nc5 Qxd7 Nb6 Nce5 Rxc2 Qc7 Nxc8+
intermediate-0635,mismatch,3,21,Rxh3+ Nxb1 Qxa7,Rxh3+ Nxb1 Qxa7 Rxh3+ Qb2 Qb3 Bb4 Kxh3 Rh8+ Kg3 Qb3+ Kg4 Qd1+ Nxd2 Qa5 Kb8 Qc7+ Kg3 gxh3 Kxh3 Qf5+
intermediate-0636,mismatch,1,2,Qg7,Qg7 Kg8
intermediate-0637,match,6,6,Bxe7 Qxe7 Kxe7 Nxe4 dxe4 Qxe4+,Bxe7 Qxe7 Kxe7 Nxe4 dxe4 Qxe4+
intermediate-0638,match,5,5,Bxf7+ Kxf7 Qb3+ Re6 Qxd3,Bxf7+ Kxf7 Qb3+ Re6 Qxd3
intermediate-0639,match,7,7,Na4 Bxd4 Bxd4 bxa4 Qxb2 Bxb2 Bxd4,Na4 Bxd4 Bxd4 bxa4 Qxb2 Bxb2 Bxd4
intermediate-0640,mismatch,5,6,Nxf2 Rb7 a Kxf2 Rxd1,Nxf2 Rb7 Kxf2 Rxd1 Qxd5 Nxd1
intermediate-0641,mismatch,4,7,Bxc6 hxg4 fxg4 Bxc6,Bxc6 hxg4 fxg4 Bxc6 Kg7 Rxc6 d7+
intermediate-0642,mismatch,4,9,Qxg6 Ne7+ Qxe7 Qxg6,Qxg6 Ne7+ Qxe7 Qxg6 Qxg6 Ne7+ Kf7 Nxg6 Kxg6+
intermediate-0643,mismatch,1,15,Nxg3,Nxg3 Ng5 Nd2 Rxe8+ Nc3 bxc3 hxg3 c2 Rxe8 hxg3 Re1+ Kh2 Qe2+ Kh3 Rh1#
intermediate-0644,mismatch,1,3,Bf6,Bf6 e5 Bxe5
intermediate-0645,mismatch,3,7,Bxh3 Kxh3 Nxe4,Bxh3 Kxh3 Nxe4 Nxe4 Qf5+ Kh2 Qxe4
intermediate-0646,mismatch,1,20,Ba4,Ba4 g4 g6 Bd7 Rd7+ e6 Rh3 h6 g6 e6 Qxe6 Re1+ Bd1 Qxe6 Qd8+ Re1+ Qe8 Qxe8+ Bxe8 Bxe8+
intermediate-0647,match,5,5,Rxg5+ Rxf6 Kf7 fxg5 Qxf8#,Rxg5+ Rxf6 Kf7 fxg5 Qxf8#
intermediate-0648,mismatch,1,7,Nxe5,Nxe5 Qxe5 Bg3 Qe7 e5 Rd7 Rxf6+
intermediate-0649,mismatch,1,16,Bf1,Bf1 Bh3 Rd7 Qf1 g6 Rxe4 fxe4 Bxd7 Qxd7 Qc4+ Qf7 Qxf7+ Kxf7 Rxc5 Kh8 Bc4+
intermediate-0650,mismatch,3,3,Nxd5 exd5 Qxe8,Nxd5 exd5 Qxe8+
intermediate-0651,mismatch,1,13,Bxe6,Bxe6 Rxf7 Rxf7 Bxe6 Rxf1+ Qxf1 Qe7 Bh5 Nh8 fxe6 Nh8 Qg4 Qg4
intermediate-0652,mismatch,5,10,Qxd1 Nf3+ Rxf3 Qxd1+ Kg2,Qxd1 Nf3+ Rxf3 Qxd1+ Kg2 Rxd1 Nf3+ Kg2 Nxh4+ Bxh4
intermediate-0653,mismatch,4,7,Nxh3+ gxh3 Kh2 Nxf2,Nxh3+ gxh3 Kh2 Nxf2 Nf3+ Kh1 Nxe1
intermediate-0654,mismatch,3,3,Nxg7 Kxg7 g5,Nxg7 Kxg7 g5+
intermediate-0655,match,8,8,Nxe5 Nh2 Ng4 Qh3 Ng4 Bxg4 fxg4 Nxd7,Nxe5 Nh2 Ng4 Qh3 Ng4 Bxg4 fxg4 Nxd7
intermediate-0656,mismatch,1,19,Rxg6+,Rxg6+ Rxd2 Qxd2 Rxg6+ fxg6 Kf8 Rxh6 Rg8+ Kxg8 Qg4+ Kf8 Qxc8+ Ke7 Rf1 Qb7+ Kh8 Kg8 Bb3+ Qxc8+
intermediate-0657,mismatch,2,6,Ne7+ Qb5,Ne7+ Qb5+ Qxe7 Qa6+ Kg7 Qxc8+
intermediate-0658,mismatch,1,14,Bd3,Bd3 Nf5 Qc3 Qh4 Kg1 Bxf1 Rc8 Kxf1 Qh3+ Kf2 Qg2# Nxf1 Ne2+ Bb5
intermediate-0659,match,1,1,e5,e5
intermediate-0660,mismatch,4,8,Bxd2 Qxd2 Qxg3+ Rxe4,Bxd2 Qxd2 Qxg3+ Rxe4 Kxg3 Nxe4+ Kf4 Nxd2
intermediate-0661,mismatch,1,5,Bxf7,Bxf7 Rxf7 Ne6+ Kg8 Nxc7+
intermediate-0662,mismatch,5,5,Bd3 Qd5 Bh7+ Kxh7 Rxd5,Bd3 Qd5 Bh7+ Kxh7 Rxd5+
intermediate-0663,mismatch,1,15,f4,f4 gxf4 gxf4 Bb2 Rxd6 Bxb2 Qxb2 Rxd6 Qb1+ Kh2 Qxf5 Rxh6+ Re8 Qxd6 Bxc5+
intermediate-0664,mismatch,9,9,Rh7+ Qh6+ Kf7 Qh7+ Ke6 Kxh7 Nxf6+ Kg7 Nxg4,Rh7+ Qh6+ Kf7 Qh7+ Ke6 Kxh7 Nxf6+ Kg7 Nxg4+
intermediate-0665,mismatch,1,8,Nxd6,Nxd6 hxg5 Qxd6 Bxe7 Qxe7 d6+ Qf7 Bd5+
intermediate-0666,mismatch,1,10,Rxg6,Rxg6 Nxg6 Rxf6 Bxf6 Bxg6 Qh5 Bxg6 Nxg6 Nxg6 Bxd4+
intermediate-0667,match,3,3,Ng4+ hxg4 Rf1,Ng4+ hxg4 Rf1
intermediate-0668,mismatch,5,4,Nd5 exd5 a Qxd6 Nf6+,Nd5 exd5 Qxd6 Nf6+
intermediate-0669,mismatch,1,3,Nxf6,Nxf6 gxf6 Qxf6+
intermediate-0670,mismatch,1,18,f4,f4 Ng3+ hxg3 Rh6# Rab1 Rb6 Qxa7 Ng3+ hxg3 Rh6+ Bxh6 Qxa7 Rxb5 gxh6 Be3 Qe5 Qxe3 Bxc4+
intermediate-0671,mismatch,3,11,Nxb5 axb5 Qh5+,Nxb5 axb5 Qh5+ Rxa8+ Qf7 Rxa8+ Bxa8 Rd8+ Kxd8 Qxf7 gxh4
intermediate-0672,mismatch,5,10,Bd5+ Kg3 Ne2+ Kh3 Nxf4+,Bd5+ Kg3 Ne2+ Kh3 Nxf4+ Bf2 Nxf4# Nxg1# Kg3 Ne2+
intermediate-0673,mismatch,1,4,Nf3+,Nf3+ Qb5 gxf3 Qg5+
intermediate-0674,match,4,4,Rg8+ Kh7 Rxg8 Qxh6#,Rg8+ Kh7 Rxg8 Qxh6#
intermediate-0675,mismatch,1,5,Qc4,Qc4 Qxc4 Rh1+ Kg8 Rh8#
intermediate-0676,mismatch,5,8,Bf4 Qxf4 Qb6+ Qb5+ Ka7,Bf4 Qxf4 Qb6+ Qb5+ Ka7 Kc8 Ka8 Qxd8+
intermediate-0677,mismatch,2,12,Nxg6+ Rc1,Nxg6+ Rc1 Qxd6 fxg6 Rd8+ Qxg6 cxd1=Q+ Rxd1 Qf8 Kg7 Kh7 Rc1
intermediate-0678,match,1,1,Rf4,Rf4
intermediate-0679,match,4,4,Rxe4 Rxe4 fxe4 Bg4,Rxe4 Rxe4 fxe4 Bg4
intermediate-0680,mismatch,1,11,Nxd5,Nxd5 Nc7 Nxf6+ Qxf6 Bxb7 Bxd5 Bd8 Nf6+ Nc7 Nf4 Qd6+
intermediate-0681,mismatch,4,4,e6 Bxe6 Qxe6 Ng5,e6 Bxe6 Qxe6 Ng5+
intermediate-0682,match,4,4,Bxg7 Qxd5 Bxg7 Ne7+,Bxg7 Qxd5 Bxg7 Ne7+
intermediate-0683,match,4,4,Nxe3 Bxe3 Rxe3 Qxf4+,Nxe3 Bxe3 Rxe3 Qxf4+
intermediate-0684,match,3,3,Ng6 fxg6 Bxd5,Ng6 fxg6 Bxd5
intermediate-0685,mismatch,1,4,Rc7,Rc7 Rd1 Ra1 Rc2
intermediate-0686,mismatch,1,4,Rxd3,Rxd3 exd3 Qxd3 Qc8
intermediate-0687,match,4,4,Bxe6+ Kxe6 Nxe6 Qd7#,Bxe6+ Kxe6 Nxe6 Qd7#
intermediate-0688,match,1,1,b4,b4
intermediate-0689,mismatch,2,7,Ng5 Bc8,Ng5 Bc8 Rh3+ Rh6 Nf7+ Rxg5 Qh4+
intermediate-0690,mismatch,1,9,Kf3,Kf3 gxh4 Ke7 h3 Kg4 Bg1 Kxh3 Bxf2 Bd2
intermediate-0691,mismatch,1,3,Bxa4,Bxa4 Qxa4 Qxe4
intermediate-0692,match,6,6,Rxh5 Rf8 Rxh5 Qg8+ Ke7 exd6+,Rxh5 Rf8 Rxh5 Qg8+ Ke7 exd6+
intermediate-0693,mismatch,1,10,e7+,e7+ Qh8+ Ke7 Rxf7+ Qf6+ Ke8 Kd6 Kg8 Rxe7 Qh8#
intermediate-0694,mismatch,1,5,Rxa8,Rxa8 Rxa8 Rxa8 Qxa8 Bxg5+
intermediate-0695,mismatch,6,8,Nxe4 Qxe4 Bxc3 Bg5 bxc3 Bf5,Nxe4 Qxe4 Bxc3 Bg5 bxc3 Bf5 Qe2 Bxb1
intermediate-0696,mismatch,3,5,Bc7 Rxc7 Qe5,Bc7 Rxc7 Qe5 Kf8 Qxc7
intermediate-0697,mismatch,2,4,Bh3 Bh1,Bh3 Bh1 Bxh3 Rxe4#
intermediate-0698,mismatch,4,11,Nxd6 Rxg5+ Qxg5 Rg2,Nxd6 Rxg5+ Qxg5 Rg2 Qxg2+ Kxg2 Rxa5 Nxa5 Rxa5 Rxd6 Qxa8+
intermediate-0699,match,3,3,Rxg7+ Kxg7 Ne4+,Rxg7+ Kxg7 Ne4+
intermediate-0700,mismatch,1,5,Rxe7,Rxe7 Rxe7 d6 Qc4 b3
intermediate-0701,match,5,5,Rxd5 cxd5 Rxc5 Nxc5 Nxd5,Rxd5 cxd5 Rxc5 Nxc5 Nxd5
intermediate-0702,mismatch,1,7,Nxf7,Nxf7 Qxf7+ Qxf7 Nxf7 Nxc3 Qxf7 Rd1
intermediate-0703,match,1,1,Bc7,Bc7
intermediate-0704,mismatch,1,5,Bf5,Bf5 gxf5 Qg5+ Rg6 hxg6+
intermediate-0705,match,4,4,Rc1 Qd3 Qb3 Bd5,Rc1 Qd3 Qb3 Bd5
intermediate-0706,mismatch,1,16,Rxh6,Rxh6 Kxh6 Rh8 Rxh8 Rh1+ Kg7 Qh7+ Kf6 f4 Qh6+ Ke5 Qh2+ Kf6 Ne4+ Kg7 Qh7#
intermediate-0707,mismatch,3,9,Rc1+ Qxc1 Qxh2,Rc1+ Qxc1 Qxh2 Rf1 g4 Qxg3+ Rf2 Kd2 Qg2+
intermediate-0708,mismatch,1,5,Rxa2,Rxa2 Rxa2 Qb1+ Kh2 Qxa2
intermediate-0709,match,1,1,Rxh7+,Rxh7+
intermediate-0710,mismatch,1,5,Ra2,Ra2 Qb7 Qc4 Rxd5 Rxc2
intermediate-0711,match,5,5,Nxh7 Kxh7 Qh4+ Kg8 Bxe7,Nxh7 Kxh7 Qh4+ Kg8 Bxe7
intermediate-0712,mismatch,4,7,Rxg7+ Kxg7 Kh8 Rh7+,Rxg7+ Kxg7 Kh8 Rh7+ Rf7+ Kh8 N5g6#
intermediate-0713,mismatch,1,5,Nf3,Nf3 Qxb2 Qh2# Qxf3 Qxb2
intermediate-0714,mismatch,7,9,Nxf3+ Bxf3 Rxe5 dxe5 Qxf3 Qxf3 Qxe1+,Nxf3+ Bxf3 Rxe5 dxe5 Qxf3+ Qxf3 Qxe1+ Rxe1 Bxf3
intermediate-0715,mismatch,2,8,Nf8+ f5,Nf8+ f5 h5 Kg8 Rxf8 Qg6+ Kh8 Qxg7#
intermediate-0716,mismatch,2,4,Bxh6 gxh6,Bxh6 gxh6 Rxc3+ Qg4
intermediate-0717,mismatch,2,12,Nbxc5 Nexc5,Nbxc5 Nexc5 bxc5 Rxa6+ Bb6 Bxc5 Bxb3 bxc5 Bc8+ Rxa6+ Kd7 Nxc5+
intermediate-0718,mismatch,4,9,Rxe5 Bxe5 dxe5 Rxe5,Rxe5 Bxe5 dxe5 Rxe5 dxe5 Bxe5 Qe7 Qxe5 Qxa7+
intermediate-0719,mismatch,1,6,d7,d7 Ra1 Kf8 Qd6 Nxd7 Qe8+
intermediate-0720,mismatch,4,12,Nxf2 Rf1 Nxf2 Qe2,Nxf2 Rf1 Nxf2 Qe2 Rxf2+ Kxf2 Qd4+ Kg2 Qxa1 Ne4 Rf1 Bh6
intermediate-0721,mismatch,1,30,f4+,f4+ Be7 Ne8 Kxf4 Bc7+ Rf1+ Ke5 Bc7+ Ke6 Bc4+ Ke7 Rxf7+ Ke8 Bd6 Re7+ Bxg8 Rf1 Kg5 Ke3 Bg3 d3 Rg1+ Kf6 e5+ Bd6+ Ke6 Ke7 Bd6+ Kd8 Ne4
intermediate-0722,mismatch,1,27,Nxd5,Nxd5 exf6 Rxf6 gxf6 Nxe6+ Kf7 Qh5+ Kxe6 Qxd5# Qh4 Qh3 Rf5 Qh7+ Kf6 g4 Rxg5 fxg5+ Ke5 Qg6 Ba6 Rf7 Qe8 Rd1 exd5 f5+ Bxf5 Qxf5+
intermediate-0723,match,1,1,Rxf7,Rxf7
intermediate-0724,mismatch,1,12,Rxc3,Rxc3 fxg6 Rh8+ Qxc3 Qxc3 bxc3 Qh6 Qd4 Rh3 Rh8+ Qxb4 Rxh1+
intermediate-0725,mismatch,1,7,Bc7,Bc7 Nf4+ Kf1 Qxf4 Qxd7 Rxc7 Re8+
intermediate-0726,mismatch,1,3,Nxc3,Nxc3 Qxc3 Nxd4
intermediate-0727,mismatch,1,22,Rxf7,Rxf7 Bxf7+ Kh8 Rc1+ h5 Rc4 Rf5+ Kh7 Rxc4 Rxf8+ Kxf8 Qxc4 Qf1 Rf1+ Kh8 h5 Rxf1+ Rxf1+ Qxd5 Rxf8+ Kxf8 exd5+
intermediate-0728,mismatch,4,4,e5 Ne8 Nh5 g4,e5 Ne8 Nh5 g4+
intermediate-0729,mismatch,1,11,Bb3,Bb3 Rb8 Be6 a5 a4 h6 h3 g5 g4 fxg4 hxg4
intermediate-0730,mismatch,1,7,Ra2,Ra2 b2 Kf1 Rxa2 Qxa2 Re2 Rxc3
intermediate-0731,mismatch,1,8,Bg5,Bg5 hxg5 hxg5 Qxg5 Nf4 gxf6 Nxe2 fxe7+
intermediate-0732,mismatch,1,16,Bh6,Bh6 Nd6+ Kd7 Ke7 Bh6+ Bh6 Bf4 Kxd6 Rhe1 Bxh6 Qxe5 Qc7 Qc7 Bxg7 Kxg7 Qxe5+
intermediate-0733,mismatch,1,6,e6,e6 f6+ fxe6 Be5 Nh7 fxg6+
intermediate-0734,mismatch,1,10,Rf6,Rf6 e5 f5 Kg8 h6 e5 Bxf6 e5 Qxe5 Qxh7#
intermediate-0735,mismatch,1,11,Bc5,Bc5 Rxe7 Rxe7 Bc5 Qf4+ Qb7 g3 Qxf2+ Qf4+ Bxc5 Qf7#
intermediate-0736,mismatch,1,18,Qc5+,Qc5+ Nf6 Qxf8+ Ng8 Qxg8# Ne7 Bxe7+ Kh1 Nf6 Bxf6 Bxc8 Nxe5 Qe6 Neg4 exf6 Bxe6 Qxe6 Qxg5
intermediate-0737,mismatch,1,4,f4,f4 f5+ exf4 Qxh5+
intermediate-0738,mismatch,2,4,Nxa6 Bxh3,Nxa6 Bxh3 bxa6 Rxc6+
intermediate-0739,mismatch,4,11,Nxa5 Nf6+ Ke7 Nxa5,Nxa5 Nf6+ Ke7 Nxa5 Rc7 bxa5 Nf6+ Ke7 Rb7+ Rd7 Rxd7#
intermediate-0740,mismatch,1,28,Bg5,Bg5 g4 d5 Ba2 dxe4 dxe4 Qd4 g5 Bxe4 Ne2 g5 g6 fxg6 fxg6 Qg4+ Bxh6 gxh6 Qxh6 Bg7 Qg5 Nc6 f6 Nd5 Qxg5 hxg5 d5 hxg5 hxg5
intermediate-0741,mismatch,5,13,Qh6 hxg6 fxg6 Rxh7 Rxh7,Qh6 hxg6 fxg6 Rxh7 Rxh7 Be4 Qf8 Qxh7+ Kxh7 hxg6+ Kxg6 Kg8 Rh8#
intermediate-0742,mismatch,2,34,Nxh7 Nf5,Nxh7 Nf5 exf5 gxf5 gxf5 f6 Bxd5+ Bxf5 f6 Be6+ exf6 Qe1+ Kg2 Qf1+ Nxe6 exf6 Qd7 Nxe6+ f7+ Bxd5 exd5 Nf5 gxf5 gxf5 Nd6 f6 Nf5 Nxh7 hxg6 fxg6 dxe4 Qxh7+ Kf8 Qh8#
intermediate-0743,mismatch,5,9,Bc8 Bf5+ Kf4 h4 Ng4+,Bc8 Bf5+ Kf4 h4 Ng4+ Be6 Nf3 Kf4 h4
intermediate-0744,mismatch,1,27,e5,e5 Ne6 fxe6 Nxf6+ exf6 Qxh7+ Kf8 Qh8+ b3 Ke7 Rh7+ Kd8 Nxf6+ exf6 Nh5 Qxh7+ Kf8 Qg5+ Bxd5 dxe5 Nxf6+ exf6 Nh5 gxh5 Rg1+ Kh8 Qg7#
intermediate-0745,mismatch,8,15,Nxh7 Re8 Kxh7 Qh6+ Kg8 Qxg6+ Kh8 Qh5+,Nxh7 Re8 Kxh7 Qh6+ Kg8 Qxg6+ Kh8 Qh5+ Qh6+ Bxf7 Rxf7 Qxf7 Qe8 Kg8 Be4
intermediate-0746,match,4,4,Nf3+ Rxf3 Kh1 Rh4+,Nf3+ Rxf3 Kh1 Rh4+
intermediate-0747,mismatch,1,11,Bxf6,Bxf6 e5 Nxe5 Bxf6+ fxg6 hxg6 Bxf6+ exf6 Ngxf6+ Bxf6 Nxf6+
intermediate-0748,mismatch,1,8,Nh6,Nh6 Rg7 Rd7 Rb8 Bxd7 Qxf7+ Rxf7 Rxf7#
intermediate-0749,mismatch,1,18,e8,e8=Q+ Qe4 Qf1+ Rbxe8 Rhxe8 g6+ Kf8 Qf4+ Qf3+ Qf2+ Kg8 Qf7+ Kh8 Rxe8+ Rxe8 Qxe8+ Bf8 Qxf8#
intermediate-0750,mismatch,1,6,f5,f5 Bh5 Bd3 Rxh7 exf5 Bxf5+
intermediate-0751,mismatch,1,4,d5,d5 cxd5 exd5 Qf5+
intermediate-0752,mismatch,1,4,Na5,Na5 Nd4 Nxe7+ Qxe7
intermediate-0753,mismatch,4,7,d5 Bxd5 Qf6 Rh5,d5 Bxd5 Qf6 Rh5 Qc8 h5 Qd4+
intermediate-0754,mismatch,1,10,Rxf7,Rxf7 Qa4 Qc4 Kxf7 Qxg6+ Kf8 Ke7 Qg7+ Ke8 Bg6#
intermediate-0755,mismatch,1,13,Bd5+,Bd5+ Rxd5 Kh8 Nf7+ Kg8 Nd8+ Ne5+ Rxd5 Qf7+ Kh8 Qe8+ Bf8 Qxf8#
intermediate-0756,mismatch,1,4,Rxf4,Rxf4 g5 Bxe4 gxf4
intermediate-0757,mismatch,1,12,Qxh2+,Qxh2+ Nxg3 hxg3 Qxg3 Rxf5+ Kxh2 Nxg3 Bxg3+ Kg1+ Qb5 Qa6 Ne2+
intermediate-0758,match,5,5,Qxd7 Rxd7 Re8+ Kh7 Be4+,Qxd7 Rxd7 Re8+ Kh7 Be4+
intermediate-0759,mismatch,1,9,Rxg6,Rxg6 Qe5 Rg8+ Qxe5 Nxe5 Rxa6 d2 Ke7 d6+
intermediate-0760,mismatch,8,12,Nh6 c7 Rc8 Nd4 Rxc7 Rxc7 Nxc7 Nb3,Nh6 c7 Rc8 Nd4 Rxc7 Rxc7 Nxc7 Nb3 Bxf2+ Nd6 Kg7 Nxf7+
intermediate-0761,mismatch,1,9,Nxf7,Nxf7 g4 Qe7 Nxf7 Qd4 Kxf7 Rc7+ Kf8 Rxb7+
intermediate-0762,mismatch,7,9,Bxf3 h4 Rc8 hxg3+ Kxg3 Nxf3 Qf1,Bxf3 h4 Rc8 hxg3+ Kxg3 Nxf3 Qf1 Qxa7 Qxb2+
intermediate-0763,mismatch,1,8,Bb5,Bb5 Qf3 Rf5 Bxd3 Rxg5 h2+ Kh1 f5
intermediate-0764,mismatch,1,6,f5,f5 Bf3 e5 dxe5 hxg6 exf4
intermediate-0765,mismatch,2,6,Re1+ Nxe1,Re1+ Nxe1 Rf1 Rxf1+ Kxf1 Qxh2
intermediate-0766,mismatch,1,4,h5,h5 Ne7 gxh5 Be4+
intermediate-0767,mismatch,1,10,Rh8+,Rh8+ Kxh8 Qh1+ Kg8 Bxf6 Qxg3+ Qxf6 Qh7+ Kf8 Qh8#
intermediate-0768,match,10,10,Re8 Nxf7 Qb7 Nd8+ Qd5 Qxd6 Rxe8 Qxf7+ Kh8 Rxe8+,Re8 Nxf7 Qb7 Nd8+ Qd5 Qxd6 Rxe8 Qxf7+ Kh8 Rxe8+
intermediate-0769,mismatch,1,20,d5,d5 Nfxd5 Nbxd5 Nxd5 Bxd5 Nxd5 Bxd5 Bxd5 Nxd5 Bxe7 Qxe7 Rxd5+ Nxd5 Bxe7 Bxd5 Nxd5 Bxe7 Nxc3 Bxg5 Nxb4+
intermediate-0770,mismatch,3,21,Rdxe7 Rexe7 Bxe7,Rdxe7 Rexe7 Bxe7 Ne4 Rxd7 Nf6+ Kf7 Nxd7 Kxe6 Ra7 Rxe7 Bxe7 Rxg6+ Kf8 Bg7+ Kg8 Bh6+ Kh8 Nf7+ Kh7 Rg7#
intermediate-0771,mismatch,1,18,Ne4,Ne4 Bxc5 Re8+ Rxe8 Qxe8+ Qg8 Kg7 Qe5+ Kh6 Qxc5+ Qe5+ Qg7 Qe8+ Nb1 h3 h4 Re1 Ng5
intermediate-0772,mismatch,5,8,Rxh6 Qxe7 Bxh1 Qxh6 Qe3,Rxh6 Qxe7 Bxh1 Qxh6 Qe3 Qxe7 Qf6 Qxe4+
intermediate-0773,mismatch,1,16,Nd3,Nd3 f4 g4 Rxd3 f4 g4 Qxd3 gxh5 Re2 Qh4 Rxg2+ h6 Kxg2 Qxf3+ Kh2 Qg2#
intermediate-0774,mismatch,1,7,Nc4,Nc4 Rb8 Qc7 Qxb7 Nd6+ Qxb7 Nd6+
intermediate-0775,mismatch,2,8,Bxg7+ Nf5,Bxg7+ Nf5 Kxg7 Nf5+ exf5 Rxe7 Nxe7 Qe2
intermediate-0776,mismatch,2,16,Qb1+ exf6,Qb1+ exf6 Nxf3+ Kg2 Nh4+ Rxg7+ Kxg7 Bxh6+ Kxh6 Nf5 f5 Rxg7+ Kxg7 Bxh6+ Kxh6 Qxd1+
intermediate-0777,mismatch,5,13,Bxh7+ Qh5 f5 Kxh7 Qh5+,Bxh7+ Qh5 f5 Kxh7 Qh5+ Kg8 Bxg7 Kxg7 f5 Qg6+ Rg3+ Kf6 Qg5#
intermediate-0778,mismatch,1,10,Bc5,Bc5 Rh8+ Kf7 Bd4 Re1+ Ka2 Qxc2 Re7 Bxc5 Qxg7#
intermediate-0779,match,4,4,Nxg3+ Kg2 fxg3 Rxe3,Nxg3+ Kg2 fxg3 Rxe3
intermediate-0780,mismatch,5,7,Nxg3 Qb6 Rxb4 fxg3 e3,Nxg3 Qb6 Rxb4 fxg3 e3 Qxg3 Rxb5
intermediate-0781,mismatch,1,8,Nxf5,Nxf5 Rxg7+ Kxg7 Nxf5+ Rxf5 Rxg7+ Kxg7 Qg4+
intermediate-0782,match,4,4,Bh7+ Kxh7 Kf8 Qh8#,Bh7+ Kxh7 Kf8 Qh8#
intermediate-0783,mismatch,5,5,Rxe6 Qh6 Qf8 fxe6 Qh6,Rxe6 Qh6 Qf8 fxe6 Qh6+
intermediate-0784,mismatch,4,22,Nxg7 Qh4 g6 Ne7+,Nxg7 Qh4 g6 Ne7+ Bh6 Re1+ Bf1 Ba6 Nh6+ Kh8 Qf5 g6 Nxf7+ Kg7 Qd7 Bc8 Bxg7 Bc8 Ne6+ Kh8 Qf5 Bh6
intermediate-0785,mismatch,4,6,Bxe5 Re7+ Kxd5 Qxe2,Bxe5 Re7+ Kxd5 Qxe2 Qb1+ Kg2+
intermediate-0786,mismatch,8,8,Nf6+ gxf6 exf6 Kh8 Ne7 Qg5+ Ng6 Qh6,Nf6+ gxf6 exf6 Kh8 Ne7 Qg5+ Ng6 Qh6+
intermediate-0787,mismatch,6,17,Qb4 Rxb2 Kxb2 e5 Qxe5 Ba3+,Qb4 Rxb2 Kxb2 e5 Qxe5 Ba3+ Kb1 Qxc3 Rxd5+ Rb4 b3 b2 R1d3 Rxb4 Bxe3+ Kb1 Rxb4
intermediate-0788,match,4,4,Bh3 Qg1 Qxh3 Qxe1+,Bh3 Qg1 Qxh3 Qxe1+
intermediate-0789,match,6,6,Rf3 Qc1 gxf3 gxf3+ Kh1 Qg2#,Rf3 Qc1 gxf3 gxf3+ Kh1 Qg2#
intermediate-0790,mismatch,1,13,Bd4,Bd4 Qxe3 Nxe3 Bd4 Rxd2 Bxe3+ Kh2 Bxd2 gxf3 Rg3 Qxg5 Qxd4+ Rxd4
intermediate-0791,match,4,4,e4 Qxe4 Rxe4 Qxc3,e4 Qxe4 Rxe4 Qxc3
intermediate-0792,mismatch,4,4,f6 gxf6 Bxe3 Qxe3,f6 gxf6 Bxe3 Qxe3+
intermediate-0793,mismatch,1,8,Re8,Re8 Kf1 Re5 Qc6 Bf3+ Qh2+ Rxe8 Qxh6+
intermediate-0794,mismatch,3,10,Rxb4+ Ka3 Kc1,Rxb4+ Ka3 Kc1 Rxc2 Rxc2 Rb3+ Ka2 Re3+ Kb2 Rxe1
intermediate-0795,mismatch,2,12,Nh5 Rg8,Nh5 Rg8 R6a7 Nh5 Qxg8 Nf6+ Kf7 Nxg8 Kxg8 Qc7 Qxh5 Qe7#
intermediate-0796,match,1,1,Bd8,Bd8
intermediate-0797,mismatch,5,4,Bxd5 Bd7 a Qxd5 Qf4,Bxd5 Bd7 Qxd5 Qf4+
intermediate-0798,mismatch,7,7,c4 Bc6 Rxd7 Bxd7 Nxf6+ Kg7 Nxd7,c4 Bc6 Rxd7 Bxd7 Nxf6+ Kg7 Nxd7+
intermediate-0799,mismatch,1,21,d5,d5 Rxf5+ Bxf5 Nf7+ Kf4 Nxd8 Ke4 Nxc6 Ne6 Nc8 Nxd4 Nd6+ Kd5 Nxd4 Kxd4 Nxf5+ Kxc5 cxd5 Nb7 Re8 c6
intermediate-0800,mismatch,6,8,Nf4 Bd7 Bf7 Rxg8 Rxg8 Rh1,Nf4 Bd7 Bf7 Rxg8 Rxg8 Rh1+ Rxg5 Rxe6+
intermediate-0801,mismatch,1,9,f5,f5 Bxe5 Qb7 Qxa7 exf5 Rd6 fxe6 Rxe6 Qxa7
intermediate-0802,mismatch,6,6,Rxd5 exd5 Qxf4 Nxf4 Rxd5 Nxd5,Rxd5 exd5 Qxf4 Nxf4 Rxd5 Nxd5+
intermediate-0803,mismatch,2,15,Kxd5 g4+,Kxd5 g4+ Ke5 b6 d2 b7 d1=Q b8=Q+ Ke4 d2 g4+ Kxg4 Rc4+ Kf5 Rd4+
intermediate-0804,match,8,8,Rxe3+ Qxe3 Kxe3 Re8+ Kf4 g5+ Kf5 Qxf3#,Rxe3+ Qxe3 Kxe3 Re8+ Kf4 g5+ Kf5 Qxf3#
intermediate-0805,mismatch,1,6,Rxe6+,Rxe6+ Kxe6 Qxe6 Qg7+ Qf7 Qxf7#
intermediate-0806,mismatch,2,4,Rxd5 Qe8,Rxd5 Qe8 Qxd5 Ne7+
intermediate-0807,mismatch,1,7,Bf5,Bf5 Rxd4 Qxc2# Bxf5 Qc7 Rxd1+ Kxd1+
intermediate-0808,mismatch,1,5,Nhxf6,Nhxf6 Nxf6 Nxd6+ Kf8 Nxb7+
intermediate-0809,mismatch,4,12,b4 Bxd5 Bxb5 axb5,b4 Bxd5 Bxb5 axb5 Bxb5 bxc5 Bxa4 Be2 Re1 Rd2 bxc5 Rxe2
intermediate-0810,mismatch,1,6,Nxf6,Nxf6 Nxf5 Rxf6 Rxh7+ Kxh7 Qh4#
intermediate-0811,mismatch,1,12,Rg4,Rg4 b4 Rg8 Qxf7 Bc5 Rg8 Rfg3 Rxg4 Bc5 Qxh7+ Kxh7 Rh4#
intermediate-0812,mismatch,1,8,Nxe6,Nxe6 Qxe6 Re1 Qxe1+ Qf7 Re7 Qg6 Qd5+
intermediate-0813,mismatch,4,11,b4 Ba7 Rxd6 Qxd6,b4 Ba7 Rxd6 Qxd6 Rad8 Rfd1 Qxf6+ Rg7 Bxg7+ Nxg7 Qxd6+
intermediate-0814,mismatch,1,5,Qf3,Qf3 Qxd3 Rxf2 Bxf2 Qxd3
intermediate-0815,mismatch,1,10,Ne7+,Ne7+ Kf7 Kh5 Ne4 h3 Nc6 Ne4 Rc8 Rxd7+ Ke8
intermediate-0816,mismatch,4,22,Rxg6+ Rgh3 Bg7 fxg7,Rxg6+ Rgh3 Bg7 fxg7 Rxc4 Bf8 Rch4 Bg7 Rxe5 fxg6 Rxh8+ f7+ Kxf7 Bxh8 Rxh8 Rxh8 Rxc3 Kf7 Kxh8 f7+ Rxe5 f8=Q+
intermediate-0817,mismatch,4,13,Nh6+ gxh6 Kh8 Qxf7,Nh6+ gxh6 Kh8 Qxf7 Nxf7+ Kg8 Nh6+ gxh6 gxh6 Bd6 Qg8+ Rxg8 Nf7#
intermediate-0818,mismatch,4,18,Nh5 Rxd3 Nxd3 Nh5,Nh5 Rxd3 Nxd3 Nh5 Bxd4 Qxd4 gxh5 Qxd3 Rxe7 Bxd4 gxh5 Rxd3 Nb3 Qg5+ Nxd3 Qg5+ Kh8 Bf6#
intermediate-0819,mismatch,12,12,Nxg2 Bxh3 gxh3 Qg5+ Qg4 Kxg2 Bxh3+ Kg3 Kg1 Qg5+ Kh2 Qg2#,Nxg2 Bxh3 gxh3 Qg5+ Qg4+ Kxg2 Bxh3+ Kg3 Kg1 Qg5+ Kh2 Qg2#
intermediate-0820,mismatch,1,22,Qb7,Qb7 c6 Qxb2 Qxb2 Rd8+ Nxd8 Qxb2 Rxb2 Rd8+ Nxd8 Kh7 Rxa8+ c7+ Rb1+ Nf1 Rd1 c8=Q Bb7 Qc2 Rd5 Nxg6 Nxd4
intermediate-0821,mismatch,1,3,Nh5,Nh5 gxh5 Qh6
intermediate-0822,mismatch,3,10,Bxd7 Nxe5 Qxe5,Bxd7 Nxe5 Qxe5 d6 cxd6 Nxd7 Rxd7 Nxe5 Qxe5 Qxd7+
intermediate-0823,mismatch,1,5,Bh3,Bh3 f3 Qc2 gxh3 Nf3+
intermediate-0824,match,3,3,Nf5+ Kg6 Rxg7+,Nf5+ Kg6 Rxg7+
intermediate-0825,match,1,1,Ne4,Ne4
intermediate-0826,mismatch,1,8,c6,c6 e7 Qa7 Nxc6 Qxc6 Qxc6 Bxd5 exd5+
intermediate-0827,match,4,4,c6 bxc6 Bxb4 cxd7,c6 bxc6 Bxb4 cxd7
intermediate-0828,mismatch,4,3,Ba2 O-O Rxa2 Rxb1+,Ba2 Rxa2 Rxb1+
intermediate-0829,mismatch,2,4,Nxd6 Qf4+,Nxd6 Qf4+ Nxd6 Qxg7#
intermediate-0830,mismatch,3,7,Rxd2 Rxd2 Nh6+,Rxd2 Rxd2 Nh6+ Kh8 Rf7 Rd7 Bg7#
intermediate-0831,mismatch,4,7,Bxf2+ Kg2 Kh1 Qf1#,Bxf2+ Kg2 Kh1 Qf1# Rxf2 Qxe4 Be3+
intermediate-0832,mismatch,1,8,f5,f5 exf5 Rg1 Nf4 Rg8 Bxg6+ Rxg6 Re7+
intermediate-0833,mismatch,3,17,Rxg2+ axb6 Nb5,Rxg2+ axb6 Nb5 Qg4 Qxg4 Rxg4 Nf3+ Kf1 Rxg2 Qxf3 Rxf3 Rxd4 Kxg2 Qg7+ Kh2 Kh1 Rh3#
intermediate-0834,mismatch,12,12,Rxc5 Nc7 Qxc7 Rxc5 Qxc5 Qxf7+ Kh6 Qxc5 Qf6+ Kg8 Kh6 Re4,Rxc5 Nc7 Qxc7 Rxc5 Qxc5 Qxf7+ Kh6 Qxc5 Qf6+ Kg8 Kh6 Re4+
intermediate-0835,mismatch,1,10,Nxd5,Nxd5 Rxf3 Kxf3 Nxd5+ Ke2 Qxe6 exd5 Rf2 exd5 Qxf3+
intermediate-0836,mismatch,5,9,Neg4+ Nfg4+ Kg1 Nxe3 fxe3,Neg4+ Nfg4+ Kg1 Nxe3 fxe3 hxg4 Kg1 Nxe3 fxe3
intermediate-0837,mismatch,1,17,e4,e4 g4 hxg4 hxg4 Bxd5 Rxd5 Nh4 Ng7 Bxc5 exf5+ bxc5 Ng7 Nf6+ Nxe7+ Bxe7 Qxe7 Bxd6+
intermediate-0838,mismatch,1,9,f2,f2 Qxg5 Bf2 Bxf2 Qxf2 Rxh1 Qf3+ Kc2 Qxh1
intermediate-0839,mismatch,1,24,Nxc6,Nxc6 Ne6 Nxe6 Nf5 Nxf5 Qxg7+ Kxg7 Nf5+ Kg8 Nxh6# Kg6 Nxe7+ Kf7 Nxd6+ Ke6 Qxg4 Rf7 Nxe7+ Kf7 hxg4 Kxe7 Nd3 Nf5 Bxg7
intermediate-0840,mismatch,1,7,Bc3+,Bc3+ a5+ Kxb5+ Qxc3 a5+ Kxb5 Qxc3
intermediate-0841,mismatch,5,16,Qh6 Qg8 f4 Bxb2 e5,Qh6 Qg8 f4 Bxb2 e5 Qg6 Qf8+ Qg8 Qe7 Qd6 Qg6 Qd8+ Qg8 Qxf6+ Qg7 Qxg7#
intermediate-0842,mismatch,3,10,Bxf6 Bxf6 Re7+,Bxf6 Bxf6 Re7+ Kh6 Bxe7 Rxe7+ Kh6 Qd4 Rg8 Qf6
intermediate-0843,mismatch,1,10,Bb4,Bb4 gxf6 Rde2 Bxd5 Rxd5+ f7 Nxb4 Rxd2 Nxd2 Rxe1+
intermediate-0844,mismatch,8,15,Nxf7 Bxe5 Nxe5 Nxh7 Bxh7 Qxe5 Qxe5 Rxe5,Nxf7 Bxe5 Nxe5 Nxh7 Bxh7 Qxe5 Qxe5 Rxe5 Rxf7 Qxf5 Rxf5 g6 Bxe5 Bxb2 Rd7
intermediate-0845,mismatch,1,7,d5,d5 exd5 Rb7 d6 Rcxd5 Qxe3 Rxd8+
intermediate-0846,mismatch,9,16,Bxf7+ Kxf7 Qa2+ Kf8 Ke7 Nf5+ Kf8 Bd6+ Kf6,Bxf7+ Kxf7 Qa2+ Kf8 Ke7 Nf5+ Kf8 Bd6+ Kf6 Bd8+ Rxd8 Qe6+ Kg5 Nf3+ Kf4 Ne6+
intermediate-0847,match,6,6,Bxf5 e7 Rb8 Rxd1 Rxf5 Rxd6,Bxf5 e7 Rb8 Rxd1 Rxf5 Rxd6
intermediate-0848,mismatch,1,30,Rc6,Rc6 Qh7 Ke7 Rc6 Rxc6 Nd7 Qh4+ Qxg8 Rc8 Qh8+ Raa6 Ke7 Nxa6 Rxe6+ Rac6 Rxc6 Rxc6 Qxb5 Rxc5+ Rxc6 Nd3 Rxc8+ Qxc8 Rxa7 bxc6 Qxc6 Qh8 Qh7+ Rxh8 gxh8=Q+
intermediate-0849,mismatch,1,2,Nce3,Nce3 Qf8
intermediate-0850,mismatch,1,6,Nf2,Nf2 dxe4 dxe4 Qxc4+ Be3 Nd3
intermediate-0851,mismatch,1,16,Nxd4,Nxd4 Nd2 Bxd7 Qxd4 Rd1 Nf6 Rxd4 Nxg4 Rd7+ Kf6 Rxb7 Rc1+ Bf1 Ne3 fxe3 fxe3
intermediate-0852,match,6,6,Bxg2 Qg4 Ng3 Ng3 Kxg2 Qh3+,Bxg2 Qg4 Ng3 Ng3 Kxg2 Qh3+
intermediate-0853,mismatch,8,14,Nxf2 Kxf2 Qc2+ Kg1 Kf1 Qd3+ Kf2 Qe3+,Nxf2 Kxf2 Qc2+ Kg1 Kf1 Qd3+ Kf2 Qe3+ Qd1+ Kf2 Kg2 Qe2+ Kg1 Qxf3
intermediate-0854,mismatch,3,6,Rxa6 Rxa6 Qxd3,Rxa6 Rxa6 Qxd3 Qxb2 Qa8 Qxe2+
intermediate-0855,mismatch,1,3,Nd5,Nd5 exd5 Bxf6+
intermediate-0856,mismatch,1,13,Bh6,Bh6 Rb8+ Be8 Qg6+ Rb8+ Kg7 Bh6+ Kxh6 Rh8+ Kg5 Nc7 f5 Qa1
intermediate-0857,mismatch,1,20,Rg1,Rg1 Bxf8 exf1=Q+ Rxf1 Rxg2 Qxg2 Bxg2+ Kxg2 Rxf8 Bg5 exf1=Q+ Rxf1 Rxg2 Qxg2 Bxg2+ Kxg2 Bh6 Bxh6 exd1=Q Qxd1
intermediate-0858,mismatch,1,21,Ne6,Ne6 e6 Bxe4 Qxf7+ exf7+ Kh7 Bxe4 Bxd4 Bxg6+ Kh8 Bb2 e5 Kh8 Rg4 Qxa2 Bb2+ Bxe6 Bxe4 Qxf7+ Kh7 Qxg7#
intermediate-0859,mismatch,3,5,Nxh3 gxh3 Rxf3,Nxh3 gxh3 Rxf3 Qxf3 e4
intermediate-0860,mismatch,6,7,Rxg7+ Kxg7 Bd4+ f6 Ne5 Qe3,Rxg7+ Kxg7 Bd4+ f6 Ne5 Qe3+ Qe3
intermediate-0861,match,6,6,Bg5 Rxa1 Qe8 Rxa8 Qxa8 Be7,Bg5 Rxa1 Qe8 Rxa8 Qxa8 Be7
intermediate-0862,mismatch,12,31,e5 Nf3 Qb2+ Qc4 Ne1+ Kf2 hxg3+ Kxe1 Qa1+ Ke2 g2 Qc7,e5 Nf3 Qb2+ Qc4 Ne1+ Kf2 hxg3+ Kxe1 Qa1+ Ke2 g2 Qc7 g1=Q Bxg1 Qxg1 dxe5 Qf5 Qxf5 gxf5 exd6+ Qe7 Ne4+ Nf3 Bh6 e6+ e6+ Ne4 Qf5 Ng5+ Kh6 Qg8
intermediate-0863,mismatch,2,13,Nbxd3 Bxd3,Nbxd3 Bxd3 Rf1 Qxe4 Rb3 Qc2 Rxd3 Nxd3 Qxb3 Nxe1 Qd1 b4 Qa4
intermediate-0864,match,3,3,Rxc2 Kxc2 Qxa2,Rxc2 Kxc2 Qxa2
intermediate-0865,mismatch,1,2,Nf6+,Nf6+ Rd1
intermediate-0866,mismatch,4,31,d3 Ne8 Rc8 d3,d3 Ne8 Rc8 d3 Ne8 Rc8+ Rd2 Rbb1 Kf7 Ne8 Rxb8 dxc2 Rxe8+ Kf7 Rc8 Rxc1+ Kf2 a5 Ke3 Re1+ Kd2 Rg1 Rxc8 Rxc8+ Kf7 Kf2 R2c7+ Kg6 Kf2 Rxb8 d2
intermediate-0867,match,3,3,e5 dxe5 Qe4,e5 dxe5 Qe4
intermediate-0868,mismatch,4,10,Ng4 g3 f4 exf3,Ng4 g3 f4 exf3 Ne6 Nxf3 Nxe3 Rxb3 Qd2 Rxb3
intermediate-0869,mismatch,1,12,g6,g6 Nxh7 Kxh7 g6+ Kg8 Rf3 Rh5 fxg6 hxg6 Qh4+ Rh5 Nxh5+
intermediate-0870,mismatch,5,5,Rxf6 Rxf6 Qe7+ Rf7 Qxh4,Rxf6 Rxf6 Qe7+ Rf7 Qxh4+
intermediate-0871,mismatch,3,8,Rxd8+ Bxg7+ Kh7,Rxd8+ Bxg7+ Kh7 Rxd8 Bxg7+ Kh7 Nxg7 Qh4
intermediate-0872,mismatch,5,7,Nxd5 exd5 Qxd5 Bxb2 Ne5,Nxd5 exd5 Qxd5 Bxb2 Ne5 Qd2 Nc4
intermediate-0873,mismatch,4,19,Bxd4 Bxd4 Bxa2+ Kxa2,Bxd4 Bxd4 Bxa2+ Kxa2 Kc1 Qa5+ b3+ Kb1 Kb3 Nb6 Bxb6 Rc3+ bxc3 Qa3+ Kc4 Qxc3# b3 cxb3 Qxd2
intermediate-0874,mismatch,1,21,Rxd5,Rxd5 Bxf8 Rxd1+ Bxd1 Rxd1 Bxf3 gxf3 Rxf8 Be4 Rde1 Bxd5 Rh5 Bxf8 Kxf8 Qxh7 f6 Bxd5 Qxd5 Qxh5 Bxh5 Be4
intermediate-0875,mismatch,10,12,Nxg3 f4 gxf4 Nxf4 Ref2 Rd3 Qxd3 Nxd3 Rxf8# Ref2,Nxg3 f4 gxf4 Nxf4 Ref2 Rd3 Qxd3 Nxd3 Rxf8# Ref2 Rxg3 f4
intermediate-0876,mismatch,12,12,Rxg6+ Qxe5 Qxc4 Rd7 Bf6 Qe6+ Kh8 Qd6 hxg6 Qxg6+ Kh8 Rxe5,Rxg6+ Qxe5 Qxc4 Rd7 Bf6 Qe6+ Kh8 Qd6 hxg6 Qxg6+ Kh8 Rxe5+
intermediate-0877,match,6,6,Nxe6 g5 fxe6 Bh5+ g6 Bxg6#,Nxe6 g5 fxe6 Bh5+ g6 Bxg6#
intermediate-0878,mismatch,5,7,f4 Re4 Ng6 Qxf4 Re4,f4 Re4 Ng6 Qxf4 Re4 Qf6 Rae1+
intermediate-0879,mismatch,10,12,Re3 fxg3 hxg3 Bxg3 Qxe2 Bh2+ Kxh2 Bf1+ Kg1 Bxe2,Re3 fxg3 hxg3 Bxg3 Qxe2 Bh2+ Kxh2 Bf1+ Kg1 Bxe2 fxe3 Qxf3
intermediate-0880,mismatch,1,5,Bxh7+,Bxh7+ Kxh7 Qb1+ g6 Qxb6
intermediate-0881,mismatch,4,4,g5 Bxd4 Be7 Rxe7,g5 Bxd4 Be7 Rxe7+
intermediate-0882,mismatch,1,17,e5,e5 c6 d4 Ra8 Qxa8 Qxd6 Qa2 Nxd4 Qb1+ Kh2 Qxd3 Rd5 Rd7 Rxd7 Qxd7 Nxd4+ Qxc6+
intermediate-0883,match,10,10,Rxf3 gxf3 Rxf3 Kg1 Rxf3 Qxf3+ Qxf3 Bxf3+ Kg1 Bxd1,Rxf3 gxf3 Rxf3 Kg1 Rxf3 Qxf3+ Qxf3 Bxf3+ Kg1 Bxd1
intermediate-0884,mismatch,1,11,Bxb2,Bxb2 Be6 Rxb2 Bxh3 Qe5 Qd8+ gxh3 Qe5 c3 Bf3 Rh4
intermediate-0885,mismatch,2,9,Qg3 Nxe7+,Qg3 Nxe7+ Bf4 Qxg3 Nxe7+ Kh8 hxg3 Re8 Nxc6+
intermediate-0886,mismatch,5,5,Rxf6 Qh4 g6 gxf6 Bf4,Rxf6 Qh4 g6+ gxf6 Bf4+
intermediate-0887,match,7,7,Nh3+ Rg8 Qf6+ Rg7 Qxd8+ gxh3 Rg8,Nh3+ Rg8 Qf6+ Rg7 Qxd8+ gxh3 Rg8
intermediate-0888,mismatch,1,13,Nce3,Nce3 Nxf2 Bxf8 Nh3+ Kh1 Nf2+ Kg1 Ne1 Kf1 Nd4 Nxg4+ Bxe3 Nxe3
intermediate-0889,mismatch,2,6,Rexd5 Rxd5,Rexd5 Rxd5 Rdc8+ Rxd5 exd5 Qe5+
intermediate-0890,mismatch,1,3,d7,d7 Bxc5 Qc7
intermediate-0891,mismatch,6,12,b4 Bd6 Re8 b4 cxb4 axb4,b4 Bd6 Re8 b4 cxb4 axb4 Nf6 cxb4 Qb3 Nc5 bxa3 Qxd5+
intermediate-0892,mismatch,1,16,Rc7,Rc7 bxc6 Qb1# Bf3 Bxf3 Qxc5 Qxc5 Rxc5 Bxe2 Nxe3 Bd6 Rc6 Bxe5 Rxb6 Rxb6 fxe5
intermediate-0893,match,1,1,Ne5,Ne5
intermediate-0894,mismatch,4,4,Bxe6 Rd8 fxe6 Nf5,Bxe6 Rd8 fxe6 Nf5+
intermediate-0895,mismatch,1,4,Rb5+,Rb5+ Ka6+ cxb5 Rd6+
intermediate-0896,match,1,1,Bf4,Bf4
intermediate-0897,mismatch,2,10,Rxe6 Bxc5,Rxe6 Bxc5 Qf7 Nxe6 Bd5 Re8 Kf7 Bxg7 Qxg7 Bxe6+
intermediate-0898,mismatch,3,15,Rxd5 exd5 Nf4,Rxd5 exd5 Nf4 Nb2 Ke7 Na4 Rxa6 Nc7 d4 Nd5 Rb8 Nc7+ Rxb6 axb6 a7+
intermediate-0899,mismatch,1,12,Nf2,Nf2 Nf4 Nxf4 Rxh2 Nxg6+ Bxf2 Rxh7 Rxh7 Rxh7 Nxd3 Rxe7 Nxe1+
intermediate-0900,mismatch,1,6,Ne3,Ne3 Rxf2 Qxd5+ Qd8+ fxe3 Qxe3+
intermediate-0901,mismatch,5,12,Bxh6+ Kg6 Kxh6 Qxf6+ Kh7,Bxh6+ Kg6 Kxh6 Qxf6+ Kh7 Kh5 Rg3 Qh4+ Kg8 Rg3+ Bg4 Rxg4#
intermediate-0902,mismatch,1,17,Bd5,Bd5 Bxg6 Bxg6 Rg7+ Kf8 Rxf7 Kxf7 Bxg6+ Kxg6 Nf4+ Kf7 g6+ Kxf6 Rxe8 Rxe2 Bxd5 Rxe8#
intermediate-0903,mismatch,1,10,Rxe7,Rxe7 Bc7 Rxc7 Qxc7 Qxc7 Rxc7 Nc8 Qxe7 Rxe7 Nf6+
intermediate-0904,match,6,6,f5+ gxf5 gxf5+ Ke5 Ke3 Rde2#,f5+ gxf5 gxf5+ Ke5 Ke3 Rde2#
intermediate-0905,mismatch,1,4,Re7,Re7 Qxe7 Kb8 Ba6
intermediate-0906,mismatch,1,8,Nb5,Nb5 Rcc8 Bxb5 Rxd8+ Bxd8 cxb6+ Re7 bxa7+
intermediate-0907,mismatch,1,6,Nf5,Nf5 Qe6 gxf5 Qg5+ Bg7 Qxg7#
intermediate-0908,mismatch,3,6,Bxf6 Bxf6 Ba6,Bxf6 Bxf6 Ba6 Nxa4 Bxa6 Rxb6+
intermediate-0909,mismatch,4,9,e4 e6+ Kxe6 e4,e4 e6+ Kxe6 e4 Rd1 Bb7 Qd4 Qxe4 Rxd2+
intermediate-0910,mismatch,2,4,Nxg6 Qd3,Nxg6 Qd3 fxg6 Qxf8+
intermediate-0911,mismatch,1,9,Ne6+,Ne6+ Ke7 Nxe6 Rxd7 Nf6 Rxc4 Nxc4 Nf6 Ne5+
intermediate-0912,mismatch,1,15,Rxc5,Rxc5 Qb5 Rb6 Nc6 Rdxc6 Bb7+ Rxb7 Qxc6 c4 Rxc5 Bb7+ Qxb7 Rxb7 Kxb7 Qb4+
intermediate-0913,mismatch,9,22,Rxf3 Bxe4 Bxe4 Rxe4 fxe4 Qf2+ Kh1 Qe2 Bg5,Rxf3 Bxe4 Bxe4 Rxe4 fxe4 Qf2+ Kh1 Qe2 Bg5 Bh3+ Kxh3 Rxf3+ Kg2 Rf2+ Kh1 Kxf3 Qc4 Bg4 Bxe4+ Kg3 Kxe4 Qd4#
intermediate-0914,mismatch,1,7,h4,h4 Ne4 Bxe4 dxe4 Nh3+ Kf1 Nxf2
intermediate-0915,mismatch,1,5,Qg6+,Qg6+ Qxg6 Nxg6 Kxg6 d7
intermediate-0916,mismatch,6,9,Rxe8 c5+ Nxc5 Nc4+ Ke6 R8a7,Rxe8 c5+ Nxc5 Nc4+ Ke6 R8a7 a1=N+ Rxe8 Rd7#
intermediate-0917,match,1,1,Nc5,Nc5
intermediate-0918,match,6,6,g4 Nc2 Bxg4 Qf7+ Kh8 Qxh7#,g4 Nc2 Bxg4 Qf7+ Kh8 Qxh7#
intermediate-0919,mismatch,2,16,f7 Bxf7,f7 Bxf7 Bc6+ Rd6 Bf3 Rxe1 Nxc6+ Bd5 Ba8 Rd7+ Rxd5 Nxd5 Re8+ Nxf7 Kxf7 Bh5+
intermediate-0920,mismatch,1,4,Nfe5,Nfe5 d7 Bxe5 Nh6+
intermediate-0921,mismatch,1,13,f5,f5 dxe3 Nxf5 Qg8+ Bxf5 dxe3 Ke7 Qf7+ Kd6 Qd7+ gxf5 Bh6 f6+
intermediate-0922,mismatch,1,4,Nxe6,Nxe6 Bc6 Qxe6 Rxd7+
intermediate-0923,mismatch,1,12,Nf4,Nf4 Qe7 Bh3 Rxe5 dxe5 Qxe5 Qg5 Rd8+ Qxf4 Rh5+ Rxh5 Qxf4
intermediate-0924,mismatch,1,4,Nd6,Nd6 Nb4 Bxd6 Qxd5+
intermediate-0925,mismatch,1,4,e4,e4 Re3 fxe4 Be5
intermediate-0926,match,1,1,Nxg5,Nxg5
intermediate-0927,mismatch,1,6,Bh6,Bh6 Qc3 Bxh6 Qxg6+ Bg7 Qxh5+
intermediate-0928,match,3,3,Rxh8 Rxh8 Kf6,Rxh8 Rxh8 Kf6
intermediate-0929,mismatch,2,7,Rxe6+ d5,Rxe6+ d5 Rxc2 Na3 Kf8 fxe6 Qxe6+
intermediate-0930,match,4,4,c2+ Ka2 Rxc2 Qe1+,c2+ Ka2 Rxc2 Qe1+
intermediate-0931,mismatch,5,7,Ne8+ Rxh8 Kxh8 Ne8 Ng8,Ne8+ Rxh8 Kxh8 Ne8 Ng8 Kf7 Nxf6
intermediate-0932,mismatch,1,7,Ne5,Ne5 Nf2+ Rxf2 Qxh3+ Kg1 fxe5 Qxh3#
intermediate-0933,mismatch,1,9,Bxh4,Bxh4 Qd3 Qxh4 Rxd6 Rxd6 Ne4 Qxd6+ d2 Nf6
intermediate-0934,mismatch,1,7,Qxc5,Qxc5 h5 h6 Nxe4 Nf4 f5 Ne6+
intermediate-0935,mismatch,4,11,Rxg5+ Qxf3 Nxf3 Rxf6,Rxg5+ Qxf3 Nxf3 Rxf6 Rg3 Bg7 Nxg1 Nxg1 Kf8 Bxg5 Qxg5+
intermediate-0936,mismatch,1,16,Qxe6,Qxe6 Qg7 Qd3 c2 Rxf6 c1=Q+ Kh2 Rb1+ Bf1 Qh4 dxe6 c2 Qe3 Rb1+ Kh2 c1=Q
intermediate-0937,mismatch,1,4,Be4,Be4 Nxf2+ Rxb5 Ra8+
intermediate-0938,match,7,7,Ne5 Qg3 Qe2 Nxg6 hxg6 Qxg6 Rxh5,Ne5 Qg3 Qe2 Nxg6 hxg6 Qxg6 Rxh5
intermediate-0939,mismatch,1,5,d7,d7 Nxd7 Nd6+ Kg6 Nxc4+
intermediate-0940,mismatch,1,20,Nxb5+,Nxb5+ c4 Rac8 Qe5 a4 b4 axb5 Rxb5 Rxd5 exd5 Rxb5 Rhe8 Qc6 Qa6 Rdxd5 Qe3+ Nxe3 Rd7+ exd5 Qe7+
intermediate-0941,mismatch,3,11,Qxe1+ Qxd5 Rxe5+,Qxe1+ Qxd5 Rxe5+ fxg6 Qe6+ Bxe1 Be3+ Kf1 c1=Q Qxf7+ Kd8
intermediate-0942,mismatch,5,13,Nxb4 Rxd4 Qxd4 Rxc7 Nxd3,Nxb4 Rxd4 Qxd4 Rxc7 Nxd3 g7 Qxf7+ Kh8 axb4 Rxd4 Qf8 Qxd4 Rxc7
intermediate-0943,mismatch,3,18,Qd3 Qg4 Qxe7,Qd3 Qg4 Qxe7 Nxg6 Qxc7 Qxe7 Qxc7 Ng5+ Nf6+ Nxf6 Qxg6+ Kh8 hxg5 Qxg6+ Kh8 Qh5+ Bh6 Qxh6#
intermediate-0944,mismatch,1,5,Nf4,Nf4 e6 Qh6 gxf4 Qe6+
intermediate-0945,match,12,12,Nxd6 Rxd6 Bxd6 Nf6+ Kf7 Bxd6 Rxd6 Rxe2 Rxd6 Qxe8+ Kg7 Qe7+,Nxd6 Rxd6 Bxd6 Nf6+ Kf7 Bxd6 Rxd6 Rxe2 Rxd6 Qxe8+ Kg7 Qe7+
intermediate-0946,mismatch,4,4,Nh5+ gxh5 Kf8 Nf6,Nh5+ gxh5 Kf8 Nf6+
intermediate-0947,mismatch,4,8,Nd5 Qxb3 Qa7 Ne7+,Nd5 Qxb3 Qa7 Ne7+ Nc7+ Qxb3 Nxb3 Nc7+
intermediate-0948,mismatch,4,4,Nd5 Kh7 Qxd5 h6,Nd5 Kh7 Qxd5 h6+
intermediate-0949,mismatch,4,7,Nxe5 fxe5 Bh4 Rxe5,Nxe5 fxe5 Bh4 Rxe5 Bf4 Nxc7 Rxg5
intermediate-0950,mismatch,1,10,Rxf6,Rxf6 Qxf6 hxg5 hxg5 gxf6 gxf6 gxf6 Qh7+ Kf8 Qxf7#
intermediate-0951,mismatch,1,8,Nxf6,Nxf6 Kxf6 Rxd6+ Ke7 Qxd6 Qxe3 Rxh4 Qxa7+
intermediate-0952,match,1,1,Bc6,Bc6
intermediate-0953,match,5,5,Ng5+ fxg5 Qf3+ Kg8 Rxe6,Ng5+ fxg5 Qf3+ Kg8 Rxe6
intermediate-0954,mismatch,4,18,Bxh7 Kxh7 Nxd4 Bxg8,Bxh7 Kxh7 Nxd4 Bxg8 Nxd4 Kxh7 Be3 Rh8 Nf5 exf5 Qxf5+ Qg6 Nf5 Bxf7 Nxh6 Qxe6 Qxe6 Bxe6+
intermediate-0955,mismatch,4,13,c5+ Kxc5 Kxb5 Re7,c5+ Kxc5 Kxb5 Re7 Ka7 Re7 Bd4 Bc3 Rc7+ Rc1 Kb6 Kd4 Rd1+
intermediate-0956,mismatch,2,13,Rxg3+ Kxg3,Rxg3+ Kxg3 Kf1 Qh7 fxg3 Qf1+ Qf3+ Kh2 Kg7 Re4 Rh8+ Rh4 Bxh4
intermediate-0957,mismatch,1,4,Bh4,Bh4 Rxe4 g3 Qh1#
intermediate-0958,mismatch,1,5,d3,d3 d4 Re1 cxd3 Nd4
intermediate-0959,mismatch,2,9,Rxf7 Nxf7,Rxf7 Nxf7 Rxc2 Ne7+ Kh8 Be5# Nf6+ Kf8 Nxe8+
intermediate-0960,mismatch,5,7,Rxd5 cxd5 Qf8+ Kh7 Ne8,Rxd5 cxd5 Qf8+ Kh7 Ne8 Qe5+ f4
intermediate-0961,mismatch,2,6,Nxf2 Kxf2,Nxf2 Kxf2 Nf1 Qxg3+ Ke2 Qxh2+
intermediate-0962,mismatch,1,4,Ne6+,Ne6+ Bxe6 fxe6 Rxe5
intermediate-0963,mismatch,5,5,Qd5 Qf6 Qe7 Nxe5 Nxe5,Qd5 Qf6 Qe7 Nxe5+ Nxe5
intermediate-0964,mismatch,3,34,Re1 g4 Ng6,Re1 g4 Ng6 hxg4 Rxe6 Nf5 Rxe8 Rxe8 Qd2 Nxd4 Qxd4 Re2 Nf5 Ng6 e6 cxd5 cxd5 Bxd5+ cxd5 Rxe6 Nxd4 Re7+ Rxe7 Qxe7+ Nxd4 cxd5 Rxe6 Nxd4 Re7+ Rxe7 Qxe7+ Kg6 Bxd5 dxe6+
intermediate-0965,mismatch,1,9,d5,d5 Bxg7 Kxg7 d5 exd5 Nd4 Qxe5 exd5 Nd4+
intermediate-0966,mismatch,1,8,Qg4+,Qg4+ Qxh1 Qa5 Kxb6 Be7 Kf2 Kd2 Bb4#
intermediate-0967,match,3,3,c6 dxc6 Bb4,c6 dxc6 Bb4
intermediate-0968,mismatch,6,13,Bxc4 Qf4+ Kh1 Bxc4 Bxc4 Rd2,Bxc4 Qf4+ Kh1 Bxc4 Bxc4 Rd2 Rb2 Rd1 Rb1 Qh6 Qxc4 Bxc4 Rd2
intermediate-0969,match,13,13,Bxh7+ Qe4 g6 Bxb4 Nxb4 Qxb7 Qxd3 Kxh7 Qe4+ Kg8 Bxb4 Nxb4 Qxb7,Bxh7+ Qe4 g6 Bxb4 Nxb4 Qxb7 Qxd3 Kxh7 Qe4+ Kg8 Bxb4 Nxb4 Qxb7
intermediate-0970,mismatch,1,8,Rc4,Rc4 Rb8 Nb3 Bd7+ Bb7+ Rxc5 bxc5 Bb7+
intermediate-0971,mismatch,1,13,Rb7,Rb7 Bxe5 Qxb5 Bxg7+ Kg8 Rb4 Qc2 Qxc2 Bxc2 Bxe5 Qc2 Bxf1 Bxe5+
intermediate-0972,mismatch,4,10,Rxh2+ Rxh2 Qxf3+ Kg1,Rxh2+ Rxh2 Qxf3+ Kg1 Qg2 Qd1+ Qg1 Qxg1+ Kxg1 Bxh2+
intermediate-0973,mismatch,5,20,e3 Qb2 fxe3 Qxg5 Qxg5,e3 Qb2 fxe3 Qxg5 Qxg5 Na4 Qc2 Nxc3 Qxb6 Bxe3 Qg4 e2 Re1 Qxc1 Rxc1 e1=Q+ Rxe1 Rxe1+ Bf1 Bh3
intermediate-0974,match,11,11,Nc3+ bxc3 Rb8+ Qb4 Rxb4+ cxb4 Qd5 h7+ Kh8 Bb2+ Rxb2+,Nc3+ bxc3 Rb8+ Qb4 Rxb4+ cxb4 Qd5 h7+ Kh8 Bb2+ Rxb2+
intermediate-0975,mismatch,9,14,Qxc5 gxf6 R5c3 Rxa2 Qf4 a4 Rxc5 bxa2 Qg5,Qxc5 gxf6 R5c3 Rxa2 Qf4 a4 Rxc5 bxa2 Qg5 a1=Q+ Rc1 Qxc1+ Qxc1 h6
intermediate-0976,mismatch,4,16,Nxc6 Rxc6 Nxd5 Qxd4+,Nxc6 Rxc6 Nxd5 Qxd4+ Rc2 Kh1+ Qe4+ Rf2 Be3 Qxe5 Ne7+ Bf4 Qxe7 Rxd8+ Qxd8 Qxc6+
intermediate-0977,mismatch,1,7,Bxe7,Bxe7 Nxe7 Nxg5 Bf4 e5 Nxe7 Nxe7
intermediate-0978,mismatch,1,3,h4,h4 gxh4 g5+
intermediate-0979,mismatch,1,11,N4xd5,N4xd5 Bxg5 exd5 Qxb4 Qxg5 hxg5 Qxb7 Nf4 Bc4 Rxg5 Nxb4
intermediate-0980,mismatch,1,23,Qxf3,Qxf3 Nxf3+ exf3 Qxf3 Bg2 Qxg2+ Qxg2 Bxg2 Kxg2 Re2+ Kg1 Bb2 h5 Bxf3 Nd4 Qg4 Nxf3 Rxf3 Bg2 exf3 Nxf3+ Kh1 Nxd2+
intermediate-0981,mismatch,1,5,Nc7,Nc7 Rxc7 Bxc7 Qxc7 b4
intermediate-0982,mismatch,1,9,Bxe4,Bxe4 Bxe4 Rxd1 Qxd1 Nxe4 Qd8+ Kh7 Ng6 Qf2+
intermediate-0983,match,1,1,Be6,Be6
intermediate-0984,match,5,5,Nxh3+ gxh3 Rxf3 Qxf3 Qxd4+,Nxh3+ gxh3 Rxf3 Qxf3 Qxd4+
test-0001,missing-in-woodpecker,3,0,Rxh2+ Kxh2 Rh8#,
test-0002,missing-in-woodpecker,5,0,Rf8+ Bxf8 d6+ Be6 Bxe6#,
test-0003,missing-in-woodpecker,3,0,Bxf4 exf4 e5,
test-0004,missing-in-woodpecker,1,0,Rd2+,
test-0005,missing-in-woodpecker,3,0,Bxf7+ Kxf7 Nxe5+,